Merkez,Ünvanı,Adı,Soyadı,Anabilim Dalı,Bilim Dalı,YÖK ID,ResearcherID (Esas),ResearcherID (ikinci),ORCID (Esas),ORCID (ikinci),Scopus AuthorID,ScopusId (ikinci),ScopusId (üçüncü),ScopusId (dördüncü),ScopusId (beşinci),Pure adı
İstanbul,Prof. Dr.,Gülnaz,ARSLAN,Anesteziyoloji ve Reanimasyon,,66AB19A3BB426296,,,0000-0002-7260-0107,,7006502199,,,,,gulnaz-arslan
Adana,Prof. Dr.,Nesrin,BOZDOĞAN ÖZYILKAN,Anesteziyoloji ve Reanimasyon,,0E09F794B2FF4A53,,,0000-0002-4973-8132,,10439556600,,,,,nesrin-bozdogan
Ankara,Prof. Dr.,Adnan,TORGAY,Anesteziyoloji ve Reanimasyon,,77BC730B45675517,,,0000-0002-6829-3300,,6508333808,,,,,adnan-torgay
Adana,Doç. Dr.,Çağla,BALİ,Anesteziyoloji ve Reanimasyon,,652C88A92E1A2997,,,0000-0003-2615-1918,,56043199900,,,,,cagla-bali
Ankara,Doç. Dr.,Coşkun,ARAZ,Anesteziyoloji ve Reanimasyon,,D293BAB558682CB5,,,0000-0002-4927-6660,,9841962700,,,,,coskun-araz
Adana,Doç. Dr.,Pınar,ERGENOĞLU,Anesteziyoloji ve Reanimasyon,,6FB45412FA169FB6,,,,,6504817520,,,,,pınar-ergenoglu
Ankara,Doç. Dr.,Elvin,KESİMCİ,Anesteziyoloji ve Reanimasyon,,8773C41842781359,,,,,16506741800,,,,,
İzmir,Dr. Öğr. Üyesi Dr.(Doç.),Bahattin,TUNCALI,Anesteziyoloji ve Reanimasyon,,817D513EDD4F30F8,,,0000-0002-7898-2943,,8523872800,57205048681,6508034375,,,
Ankara,Dr. Öğr. Üyesi Dr.(Doç.),Aynur,FIRAT,Anesteziyoloji ve Reanimasyon,,3292FE3A2DF31002,,,0000-0003-1470-7501,,56543787900,57213930410,56543549100,,,
Adana,Dr. Öğr. Üyesi Dr.(Doç.),Özlem,ÖZMETE,Anesteziyoloji ve Reanimasyon,,648222B4F6E4EA0D,,,0000-0002-2972-7305,,36961208100,57192908865,,,,
Ankara,Dr. Öğr. Üyesi Dr.,Zeynep,ERSOY,Anesteziyoloji ve Reanimasyon,,48533B7E3E9D2D4D,,,0000-0003-0767-1088,,57192439170,,,,,
Ankara,Dr. Öğr. Üyesi Dr.,Asude,AYHAN,Anesteziyoloji ve Reanimasyon,,6B8EC3182C48F505,,,0000-0003-3299-6706,,57189025271,,,,,
Ankara,Dr. Öğr. Üyesi Dr.,Helin,ŞAHİNTÜRK,Anesteziyoloji ve Reanimasyon,,F10307F2F402B2D7,,,0000-0003-0159-4771,,,,,,,
Adana,Öğr. Gör. Dr.,Meltem,BAKIR KİPRİ,Anesteziyoloji ve Reanimasyon,,7F1D61EC78F0F516,,,0000-0002-7127-4936,,,,,,,
Alanya,Öğr. Gör. Dr.,Tayfun,BİRTAY,Anesteziyoloji ve Reanimasyon,,6949003417EFC83D,,,0000-0002-2956-688X,,56394548100,,,,,
Ankara,Öğr. Gör. Dr.,Aykan,GÜLLEROĞLU,Anesteziyoloji ve Reanimasyon,,5293128D3745E76F,,,0000-0002-6091-9065,,14035517200,,,,,
Adana,Öğr. Gör. Dr.,Ferhat,ŞAMLI,Anesteziyoloji ve Reanimasyon,,1159F7759638A585,,,0000-0002-5137-2731,,57192904694,,,,,
İzmir,Öğr. Gör. Dr.,Yonca,ÖZVARDAR PEKCAN,Anesteziyoloji ve Reanimasyon,,DFE135AF142FADE1,,,0000-0002-0991-7435,,57203509080,,,,,
İstanbul,Öğr. Gör. Dr.,Deniz,KIZILAY,Anesteziyoloji ve Reanimasyon,,A9BC4EE87B5E08B9,,,,,,,,,,
Ankara,Öğr. Gör. Dr.,Nükhet,AKOVALI,Anesteziyoloji ve Reanimasyon,,6FF6ED82202F778F,,,0000-0002-1237-8890,,55349864100,,,,,
Adana,Öğr. Gör. Dr.,Mediha Hacer,ÜLGER,Anesteziyoloji ve Reanimasyon,,7893D8D8A438A3C3,,,,,55370714100,,,,,
İzmir,Uzm. Dr.,Özlem,YILMAZ,Anesteziyoloji ve Reanimasyon,,,,,,,54788665700,,,,,
Konya,Uzm. Dr.,Eşref,ERDEM,Anesteziyoloji ve Reanimasyon,,,,,,,57169861700,55807077500,,,,
İstanbul,Uzm. Dr.,Özlem,ÇINAR,Anesteziyoloji ve Reanimasyon,,,,,,,6602710017,57213080890,57213080891,,,
Konya,Uzm. Dr.,Halime,ÖZKAN ÖZDEMİR,Anesteziyoloji ve Reanimasyon,,,,,,,,,,,,
Konya,Uzm. Dr.,Fatma,KARAKOÇ,Anesteziyoloji ve Reanimasyon,,,,,,,57189695234,,,,,
Adana,Uzm. Dr.,Aslı,KARSLI,Anesteziyoloji ve Reanimasyon,,,,,,,56543421900,,,,,
Konya,Uzm. Dr.,Ayşe,ERGEN,Anesteziyoloji ve Reanimasyon,,,,,,,,,,,,
Konya,Uzm. Dr.,Ömer,AYDIN,Anesteziyoloji ve Reanimasyon,,,,,,,,,,,,
Alanya,Uzm. Dr.,Mehmet Cüneyt,AKSAKAL,Anesteziyoloji ve Reanimasyon,,,,,,,22955271000,,,,,
İstanbul,Uzm. Dr.,Emin,PAŞAZADE,Anesteziyoloji ve Reanimasyon,,,,,,,,,,,,
Ankara,Uzm. Dr.,Figen,LEBLEBİCİ,Anesteziyoloji ve Reanimasyon,,,,,,,24068868300,,,,,
Ankara,Uzm. Dr.,Sevil,TİMUROĞLU,Anesteziyoloji ve Reanimasyon,,,,,,,,,,,,
Ankara,Arş. Gör. Dr.,Beyza Meltem,YURTSEVER,Anesteziyoloji ve Reanimasyon,,A392DDFFAC4661AE,,,,,,,,,,
Ankara,Arş. Gör. Dr.,Deniz,SİVRİOĞLU,Anesteziyoloji ve Reanimasyon,,AF100F90687AF79A,,,,,,,,,,
Ankara,Arş. Gör. Dr.,Nargiz,FATULLAYEVA,Anesteziyoloji ve Reanimasyon,,,,,,,,,,,,
Ankara,Arş. Gör. Dr.,Ahmed,USLU,Anesteziyoloji ve Reanimasyon,,,,,,,,,,,,
Ankara,Arş. Gör. Dr.,İrem,ULUTAŞ,Anesteziyoloji ve Reanimasyon,,8BD680EF3165CBD6,,,,,,,,,,
Ankara,Arş. Gör. Dr.,Çağla,YAZAR,Anesteziyoloji ve Reanimasyon,,0853FD5334F562CE,,,,,,,,,,
Ankara,Arş. Gör. Dr.,Yağmur,ŞEREF,Anesteziyoloji ve Reanimasyon,,0B16747BF94BC8F1,,,,,,,,,,
Ankara,Arş. Gör. Dr.,Emre,KANDEMİR,Anesteziyoloji ve Reanimasyon,,22B5F6292B364F2D,,,,,,,,,,
Ankara,Arş. Gör. Dr.,Mesher,ÇAPRAS,Anesteziyoloji ve Reanimasyon,,,,,,,,,,,,
Ankara,Arş. Gör. Dr.,Özer,TUÇ,Anesteziyoloji ve Reanimasyon,,,,,,,,,,,,
Ankara,Arş. Gör. Dr.,Buğra,AYKENAR,Anesteziyoloji ve Reanimasyon,,3755E471D464A097,,,,,,,,,,
Ankara,Arş. Gör. Dr.,Deniz,KAYA,Anesteziyoloji ve Reanimasyon,,0137CAE04CF00CAE,,,,,,,,,,
Adana,Prof. Dr.,Esra,ÇALIŞKAN,Anesteziyoloji ve Reanimasyon,Algoloji,62EC8966321FEC33,,,0000-0001-6497-0610,,8244046800,,,,,esra-calıskan
Ankara,Prof. Dr.,Zeynep,KAYHAN,Anesteziyoloji ve Reanimasyon,Algoloji,ED019C17A0A2BF48,,,0000-0001-5734-7732,,55120691900,6602510436,,,,zeynep-kayhan
Adana,Doç. Dr.,Oya,YALÇIN ÇOK,Anesteziyoloji ve Reanimasyon,Algoloji,DACB935DCC8A06A4,,,0000-0003-3004-2626,,56618177400,6505537945,,,,oya-yalcın-cok
Adana,Doç. Dr.,Hatice Evren,EKER TÜRK,Anesteziyoloji ve Reanimasyon,Algoloji,138673B4B3519CDC,,,0000-0002-7901-0185,,15829147000,35084810100,57191621875,,,hatice-evren-eker-turk
Adana,Prof. Dr.,Anış,ARIBOĞAN,Anesteziyoloji ve Reanimasyon,Yoğun Bakım,BF75BE0E61A86171,,,0000-0002-4419-5693,,6701364852,,,,,
Ankara,Prof. Dr.,Pınar,ZEYNELOĞLU,Anesteziyoloji ve Reanimasyon,Yoğun Bakım,7E9B86B3DA12988A,,,0000-0003-2312-9942,,6507397672,,,,,
Adana,Prof. Dr.,Şule,AKIN ENES,Anesteziyoloji ve Reanimasyon,Yoğun Bakım,05919EED6E851490,,,0000-0001-6423-1076,,9743369400,,,,,şule-akın
Ankara,Doç. Dr.,Ender,GEDİK,Anesteziyoloji ve Reanimasyon,Yoğun Bakım,D574A80EA3D00CFD,,,0000-0002-7175-207X,,6603245381,,,,,
Ankara,Uzm. Dr.,Fatma İrem,YEŞİLER,Anesteziyoloji ve Reanimasyon,Yoğun Bakım,,,,0000-0002-0612-8481,,,,,,,
Ankara,Uzm. Dr.,Tünay,KANDEMİR,Anesteziyoloji ve Reanimasyon,Yoğun Bakım,,,,0000-0002-5656-0352,,56495191900,,,,,
Ankara,Prof. Dr.,Cem,YILMAZ,Beyin ve Sinir Cerrahisi,,AF11DCA8D6C21E8C,,,0000-0002-2353-8044,,14219837800,,,,,
Ankara,Prof. Dr.,Salih,GÜLŞEN,Beyin ve Sinir Cerrahisi,,8A82AF4C34CEB154,,,0000-0002-7535-1804,,55984654800,22634406700,,,,
Ankara,Doç. Dr.,Erkin,SÖNMEZ,Beyin ve Sinir Cerrahisi,,80E987D1FD31B4B6,,,0000-0002-5693-3542,,22636196800,,,,,erkin-sonmez
Adana,Doç. Dr.,Kadir,TUFAN,Beyin ve Sinir Cerrahisi,,5A8B5D61C6FE9B7A,,,0000-0002-3277-4591,0000-0003-1509-4575,8694467700,,,,,kadir-tufan
Adana,Dr. Öğr. Üyesi Dr.(Doç.),Soner,ÇİVİ,Beyin ve Sinir Cerrahisi,,0D83B78E11B69C8E,,,0000-0002-1055-5152,,37861034200,,,,,soner-civi
Adana,Dr. Öğr. Üyesi Dr.(Doç.),Emre,DURDAĞ,Beyin ve Sinir Cerrahisi,,16708582E63BC2C3,,,0000-0001-6939-5491,,26641005100,,,,,
İzmir,Dr. Öğr. Üyesi Dr.,Faruk,ALTINEL,Beyin ve Sinir Cerrahisi,,D9FDB05A7C735627,,,0000-0002-8326-3900,,57188879581,,,,,
Adana,Öğr. Gör. Dr.(Doç.),Özgür,KARDEŞ,Beyin ve Sinir Cerrahisi,,863753F19532189C,P-5895-2018,,0000-0003-2854-941X,,6506969835,24171409500,,,,ozgur-kardes
Ankara,Öğr. Gör. Dr.,Fikret,ŞAHİNTÜRK,Beyin ve Sinir Cerrahisi,,F052DE06397C6AF0,,,0000-0002-0471-3177,,55761619500,,,,,
İstanbul,Öğr. Gör. Dr.,Semra,IŞIK,Beyin ve Sinir Cerrahisi,,,K-6580-2015,,0000-0002-6929-7135,,55972140700,,,,,
Ankara,Uzm. Dr. (Doç.),Selim,AYHAN,Beyin ve Sinir Cerrahisi,,,U-5409-2018,,0000-0003-0153-3012,,16032796300,,,,,
Alanya,Uzm. Dr.,Serkan,KOŞDERE,Beyin ve Sinir Cerrahisi,,,,,,,14630706400,,,,,
Konya,Uzm. Dr.,Niyat Berkay,KÖKSOY,Beyin ve Sinir Cerrahisi,,,,,,,,,,,,
Adana,Uzm. Dr.,Halil İbrahim,SÜNER,Beyin ve Sinir Cerrahisi,,,,,0000-0002-5957-8611,,56175196700,,,,,
Konya,Uzm. Dr.,Ayhan,KART,Beyin ve Sinir Cerrahisi,,,,,,,,,,,,
Adana,Prof. Dr.,Abdulkerim,TEMİZ,Çocuk Cerrahisi,,A34A1AF533426231,,,0000-0001-8789-6003,,22939717900,57211146393,,,,abdulkerim-temiz
Konya,Prof. Dr.,Selçuk,YÜCESAN,Çocuk Cerrahisi,,8FAEB1EF7E9BBDA4,,,0000-0003-0337-6006,,7004208374,,,,,
Adana,Doç. Dr.,Semire Serin,EZER,Çocuk Cerrahisi,,48B874AC145E52EE,,,0000-0002-9597-3264,,24170598300,35757806900,,,,
Ankara,Dr. Öğr. Üyesi Dr.(Doç.),Tuğba,ACER,Çocuk Cerrahisi,,1BCAF6561A14D5A2,,,0000-0001-5391-9094,,57039995200,57039995200,,,,
Adana,Dr. Öğr. Üyesi Dr.,Hasan Özkan,GEZER,Çocuk Cerrahisi,,21D67C1BC1FF2C6D,,,0000-0002-4635-2613,,54885520900,,,,,
Ankara,Dr. Öğr. Üyesi Dr.,Lütfi Hakan,GÜNEY,Çocuk Cerrahisi,,E18C7956818460D5,,,0000-0002-2500-5401,,8699584500,,,,,
Adana,Dr. Öğr. Üyesi Dr.,Emine,İNCE,Çocuk Cerrahisi,,B2A881EA83595BDF,,,,,24335060700,,,,,
Ankara,Öğr. Gör. Dr.,Ender,FAKIOĞLU,Çocuk Cerrahisi,,D4F835E5CE5D9789,,,0000-0002-7437-2734,,17345824400,,,,,
Adana,Prof. Dr.,Kenan,ÇALIŞKAN,Genel Cerrahi,,B5FB056A753CD49F,,,0000-0002-8767-5021,,6507487213,,,,,
Ankara,Prof. Dr.,Sedat,YILDIRIM,Genel Cerrahi,,26027FAAA1446F56,AAF-4610-2019,,0000-0002-5735-4315,,21835289000,,,,,sedat-yıldırım
Konya,Prof. Dr.,Erdal,KARAGÜLLE,Genel Cerrahi,,C206289D4C197130,,,0000-0002-8522-4956,,14321958500,,,,,
Ankara,Prof. Dr.,Ayşe Ebru,ABALI,Genel Cerrahi,,B2DA3AED6E06A82A,,,0000-0002-1298-7944,,36547424600,56158718200,57213354871,,,
İzmir,Prof. Dr.,Hüseyin,GÜLAY,Genel Cerrahi,,A5217C1D333E7643,,,0000-0002-0442-6178,,6701661466,,,,,
Ankara,Prof. Dr.,Gökhan,MORAY,Genel Cerrahi,,9BB1729F3316B445,,,0000-0003-2498-7287,,8071493400,,,,,gokhan-moray
Adana,Prof. Dr.,Ali,EZER,Genel Cerrahi,,8CEADCFB89827DA0,,,0000-0002-3834-9924,,6505906223,,,,,
İstanbul,Prof. Dr.,Feza,YARBUĞ KARAKAYALI,Genel Cerrahi,,B1D57D7BD69E2F74,,,0000-0002-1874-947X,,55961265800,8928423700,,,,
Ankara,Prof. Dr.,Mehmet,HABERAL,Genel Cerrahi,,BBB5E7DD3A84BB63,,,0000-0002-3462-7632,,25922579100,,,,,mehmet-haberal
Ankara,Prof. Dr.,Yahya,EKİCİ,Genel Cerrahi,,7E86BB89D43E7056,,,0000-0002-8518-8967,,15050280900,,,,,
İstanbul,Doç. Dr.,Ahmet Serdar,KARACA,Genel Cerrahi,,85CDF55E01715197,,,0000-0001-6456-1868,,36994391800,,,,,
Adana,Doç. Dr.,Hüseyin Özgür,AYTAÇ,Genel Cerrahi,,C7AB7BFA00FA90D7,,,0000-0002-3583-9282,,35408565500,,,,,
Konya,Doç. Dr.,Emin,TÜRK,Genel Cerrahi,,151440212EE69833,,,0000-0003-4766-3373,,8630540600,,,,,emin-turk
İstanbul,Doç. Dr.,Hüseyin Yüce,BİRCAN,Genel Cerrahi,,2F635B3453A6DEA4,R-6394-2019,,,,55444416000,57046085700,,,,huseyin-yuce-bırcan
Adana,Doç. Dr.,Hakan,YABANOĞLU,Genel Cerrahi,,FC3412A01CFDFB21,,,0000-0002-1161-3369,,23479036200,,,,,hakan-yabanoglu
Ankara,Dr. Öğr. Üyesi Dr.(Doç.),Ebru Hatice,AYVAZOĞLU SOY,Genel Cerrahi,,2EA8729D8DB5717A,,,0000-0002-0993-9917,,36197344600,56798638600,56798447600,27067903400,56574159000,ebru-hatice-ayvazoglu-soy
Ankara,Dr. Öğr. Üyesi Dr.(Doç.),Cem,AYDOĞAN,Genel Cerrahi,,C793760D6FA10663,,,,,16030160300,,,,,
Ankara,Dr. Öğr. Üyesi Dr.(Doç.),Hüseyin Onur,AYDIN,Genel Cerrahi,,2827E69C9C8E012A,S-8185-2018,,0000-0003-3795-5794,,55998892700,,,,,
Ankara,Dr. Öğr. Üyesi Dr.(Doç.),Mahir,KIRNAP,Genel Cerrahi,,E386AE9E6464BD9E,AAH-9198-2019,,,,35740684600,,,,,mahir-kırnap
İzmir,Dr. Öğr. Üyesi Dr.,Tuğba,HAN ÖNER,Genel Cerrahi,,42DB362FF5E277D4,,,,,,,,,,
Adana,Dr. Öğr. Üyesi Dr.,Turgut,NOYAN,Genel Cerrahi,,5765EF17061B7EAE,,,,,6701356557,57190744839,,,,
Ankara,Dr. Öğr. Üyesi Dr.,Tugan,TEZCANER,Genel Cerrahi,,DD6AF61778BE6849,,,0000-0002-3641-8674,,8574438200,,,,,tugan-tezcaner
Ankara,Dr. Öğr. Üyesi Dr.,Aydıncan,AKDUR,Genel Cerrahi,,19216F0E5AC694A2,,,0000-0002-8726-3369,,16836245100,,,,,
Ankara,Dr. Öğr. Üyesi Dr.,Tevfik,AVCI,Genel Cerrahi,,A9C3938DACE996B3,,,0000-0001-5225-959X,,34969013400,,,,,tevfik-avci
Ankara,Öğr. Gör. Dr.(Prof. Dr.),Esat,HERSEK,Genel Cerrahi,,636909934375CD35,,,,,,,,,,
İstanbul,Öğr. Gör. Dr.(Prof. Dr.),Cemalettin,TOPUZLU,Genel Cerrahi,,46240FF273974B13,,,,,6602839358,56855410100,,,,
Alanya,Öğr. Gör. Dr.,Paşa,DOĞAN,Genel Cerrahi,,868C434400C23660,,,0000-0002-0612-8545,,55614918200,,,,,
Adana,Öğr. Gör. Dr.,Murat,KUŞ,Genel Cerrahi,,A28176D8BAB8F941,,,0000-0001-6529-7579,,57192714564,,,,,
İzmir,Öğr. Gör. Dr.,Baha,ARSLAN,Genel Cerrahi,,655E33E72375B089,,,0000-0003-4461-4904,,57199717118,57208999855,,,,
İzmir,Uzm. Dr. (Doç.),Varlık,Erol,Genel Cerrahi,,,,,0000-0002-7337-4973,,36772949800,,,,,
Alanya,Uzm. Dr.,Kürşat,ERDEM,Genel Cerrahi,,,,,,,,,,,,
Ankara,Uzm. Dr.,Emre,KARAKAYA,Genel Cerrahi,,,,,,,56797990700,,,,,
Konya,Uzm. Dr.,Halil İbrahim,TAŞÇI,Genel Cerrahi,,,,,,,56204300500,,,,,
Ankara,Arş. Gör. Dr.,Adem,ŞAFAK,Genel Cerrahi,,B75F52D4EED7F92C,,,,,,,,,,
Ankara,Arş. Gör. Dr.,Bakhtiyar,ASLANOV,Genel Cerrahi,,596D250CFDE4652D,,,,,,,,,,
Ankara,Arş. Gör. Dr.,Fatma,ÖZARSLAN,Genel Cerrahi,,761E30557D02FDE1,,,,,,,,,,
Ankara,Arş. Gör. Dr.,Kübra,TOPUK,Genel Cerrahi,,A1048306BD2270C3,,,,,,,,,,
Ankara,Arş. Gör. Dr.,İsmail İslam,ÇOLAK,Genel Cerrahi,,B0D68B94A535DBB3,,,,,,,,,,
Ankara,Prof. Dr.,Dalokay,KILIÇ,Göğüs Cerrahisi,,DE42987000E63FD9,,,,,49763366600,7003393086,,,,
Adana,Doç. Dr.,Alper,FINDIKCIOĞLU,Göğüs Cerrahisi,,05DA83810082FD1F,,,000-0001-8740-163X,,14054049300,,,,,
Adana,Öğr. Gör. Dr.,Oya,YILDIZ,Göğüs Cerrahisi,,D15607FEDD328867,,,,,48561770500,,,,,
Ankara,Uzm. Dr.,Sinan,ISSI,Göğüs Cerrahisi,,,,,0000-0003-2175-1148,,9845778200,,,,,
Ankara,Prof. Dr.,Sibel,OTO,Göz Hastalıkları,,60DA2A61AA71BB26,,,0000-0003-0171-4200,,6701843957,,,,,sibel-oto
Adana,Prof. Dr.,Aysel,PELİT,Göz Hastalıkları,,402C8019178662B1,,,0000-0002-0662-2033,,6603417469,,,,,aysel-pelit
Ankara,Prof. Dr.,Gürsel,YILMAZ,Göz Hastalıkları,,6E6DA0FB444BC1B2,,,0000-0002-2589-7294,,7004543196,,,,,gursel-yılmaz
İzmir,Prof. Dr.,Nazife,SEFİ YURDAKUL,Göz Hastalıkları,,B349DD9E6E40C2FE,,,0000-0003-2005-9256,,55934719800,6505597525,8594944500,,,nazife-sefi-yurdakul
Ankara,Prof. Dr.,Dilek,DURSUN ALTINÖRS,Göz Hastalıkları,,99D2A600A90873BA,,,0000-0001-5223-0279,,13907365900,57191623538,,,,dilek-dursun-altınors
Ankara,Prof. Dr.,İmren,AKKOYUN VARDARLI,Göz Hastalıkları,,9A7024689F030B2F,,,0000-0002-2860-7424,,6602511683,,,,,imren-akkoyun
Adana,Doç. Dr.,Handan,CANAN,Göz Hastalıkları,,6C012BF2A770B582,,,0000-0002-5877-6536,,26435039800,,,,,handan-canan
Konya,Doç. Dr.,Ali,KAL,Göz Hastalıkları,,247A789F8D8078F8,,,0000-0001-7544-5790,,14060141700,,,,,ali-fuat-kal
Ankara,Doç. Dr.,Sezin,AKÇA BAYAR,Göz Hastalıkları,,C923F4FD03E726E3,,,0000-0001-5109-755X,,36183930100,13908358800,36112772900,,,
İstanbul,Doç. Dr.,Serpil,AKAR,Göz Hastalıkları,,615409DB0E7B2B95,,,0000-0001-6442-250X,,36597829800,57197008634,,,,
Ankara,Doç. Dr.,Sirel,GÜR GÜNGÖR,Göz Hastalıkları,,3D82F024BB4B97E0,,,0000-0001-6178-8362,,56884627700,,,,,sirel-gur-gungor
Ankara,Dr. Öğr. Üyesi Dr.(Doç.),Leyla,ASENA,Göz Hastalıkları,,42B92E20DDC8F0CC,,,0000-0002-6848-203X,,55361952900,,,,,leyla-asena
Ankara,Dr. Öğr. Üyesi Dr.(Doç.),Ümit,EKŞİOĞLU,Göz Hastalıkları,,74A12D69E6C8DA34,,,0000-0002-3061-7162,,6507714865,,,,,
Adana,Dr. Öğr. Üyesi Dr.,Mehmet Serdar,DERVİŞOĞULLARI,Göz Hastalıkları,,3D89F03074EB1DD1,G-7851-2015,,0000-0003-2006-2906,,56328605500,,,,,
İstanbul,Dr. Öğr. Üyesi Dr.,Zeynep,KAYAARASI ÖZTÜRKER,Göz Hastalıkları,,494499E38F0FD7B0,,,0000-0002-5513-9857,,16834195400,56018857700,,,,
Konya,Dr. Öğr. Üyesi Dr.,Mahmut Oğuz,ULUSOY,Göz Hastalıkları,,01FDFD65E2864CAF,,,0000-0002-5537-8778,,56611596500,56180542000,,,,mahmut-oguz-ulusoy
Alanya,Uzm. Dr.,Muhsin,AZİZLER,Göz Hastalıkları,,,,,,,6504465866,,,,,
İzmir,Uzm. Dr.,Işıl,KURULTAY ERSAN,Göz Hastalıkları,,,,,0000-0001-5616-4256,,57194228367,,,,,
Alanya,Uzm. Dr.,Nihat,AYDIN,Göz Hastalıkları,,,,,,,36652342000,,,,,
Ankara,Uzm. Dr.,Almila,SARIGÜL SEZENÖZ,Göz Hastalıkları,,,,,0000-0002-7030-5454,,56662097600,57192690471,,,,
İstanbul,Uzm. Dr.,Rengin Aslıhan,SÖNMEZ,Göz Hastalıkları,,,,,,,,,,,,
Adana,Uzm. Dr.,Burak,ULAŞ,Göz Hastalıkları,,,,,,,56411978900,,,,,
Ankara,Arş. Gör. Dr.,Mustafa,KARADAŞ,Göz Hastalıkları,,9F32F62910DD85C6,,,,,,,,,,
Ankara,Arş. Gör. Dr.,Caner,ÖZTÜRK,Göz Hastalıkları,,724C6D10A3A0C533,,,,,,,,,,
Konya,Prof. Dr.,Emel Ebru,ÖZÇİMEN,Kadın Hastalıkları ve Doğum,,95AF6AACDC7D6222,,,0000-0002-2164-7378,,12795831500,,,,,
İstanbul,Doç. Dr.,Güldeniz,DESTELİ,Kadın Hastalıkları ve Doğum,,0BC05D8BF1EECC35,,,0000-0002-1904-1051,,36717335300,56342738500,,,,
Adana,Dr. Öğr. Üyesi Dr.(Doç.),Erhan,ŞİMŞEK,Kadın Hastalıkları ve Doğum,,D4ED2AB3D19D5BD1,,,0000-0002-1505-5288,,8589836100,57207503074,,,,
Adana,Dr. Öğr. Üyesi Dr.(Doç.),Pınar,ÇAĞLAR AYTAÇ,Kadın Hastalıkları ve Doğum,,5F194BCB526F9725,,,0000-0003-0052-8000,,55303778300,56925480100,56743252700,,,
Adana,Dr. Öğr. Üyesi Dr.(Doç.),Hakan,KALAYCI,Kadın Hastalıkları ve Doğum,,90C165903B3FEDFA,,,0000-0003-2054-7102,,25927205700,,,,,
İzmir,Dr. Öğr. Üyesi Dr.,Gonca,ÇOBAN,Kadın Hastalıkları ve Doğum,,EA0929C7754A64B1,,,0000-0002-3285-5519,,55180560900,,,,,
İstanbul,Dr. Öğr. Üyesi Dr.,Tevfik Berk,BİLDACI,Kadın Hastalıkları ve Doğum,,40465D8BE4EA9746,,,0000-0002-6432-6777,,53866166800,37028079200,,,,
Alanya,Öğr. Gör. Dr.,Nilüfer,YİĞİT ÇELİK,Kadın Hastalıkları ve Doğum,,9084048E923C972E,,,0000-0003-1608-8097,,10439050500,57206429033,13007671400,57206429034,,
Ankara,Öğr. Gör. Dr.,Hüseyin,AKILLI,Kadın Hastalıkları ve Doğum,,42F1D98A8BCEB531,,,0000-0002-5240-8441,,57203592415,,,,,
Ankara,Uzm. Dr.,Latife,ATASOY KARAKAŞ,Kadın Hastalıkları ve Doğum,,,,,0000-0001-7369-5470,,36599969900,57204897005,,,,
Ankara,Uzm. Dr.,Emre,GÜNAKAN,Kadın Hastalıkları ve Doğum,,,,,0000-0001-8854-8190,,57195590143,,,,,
Adana,Uzm. Dr.,Seda,YÜKSEL ŞİMŞEK,Kadın Hastalıkları ve Doğum,,,,,0000-0003-3191-9776,,57194614888,55806900400,,,,
Alanya,Uzm. Dr.,Cevher,ONAY,Kadın Hastalıkları ve Doğum,,,,,,,,,,,,
Konya,Uzm. Dr.,Mehmet Ufuk,CERAN,Kadın Hastalıkları ve Doğum,,,,,0000-0003-1923-2373,,57205737942,56308606700,,,,
Konya,Uzm. Dr.,Semra,EROĞLU,Kadın Hastalıkları ve Doğum,,,,,0000-0002-9959-9433,,57194761558,56316063500,,,,
Adana,Uzm. Dr.,Didem,ALKAŞ YAĞINÇ,Kadın Hastalıkları ve Doğum,,,,,0000-0001-8309-3537,,56396978600,,,,,
İzmir,Uzm. Dr.,Serdar,BALCI,Kadın Hastalıkları ve Doğum,,,,,0000-0002-5735-3005,,35317022200,56181058000,,,,
İzmir,Uzm. Dr.,Çağdaş,ÇÖLLÜOĞLU,Kadın Hastalıkları ve Doğum,,,,,,,54683746000,,,,,
Konya,Uzm. Dr.,Eser,ÇOLAK,Kadın Hastalıkları ve Doğum,,,,,0000-0002-8184-7531,,57073024000,,,,,
Adana,Uzm. Dr.,Şafak Yılmaz,BARAN,Kadın Hastalıkları ve Doğum,,,,,0000-0001-5874-7324,,55432456600,,,,,
Konya,Uzm. Dr.,Ümit,TAŞDEMİR,Kadın Hastalıkları ve Doğum,,,,,0000-0001-9745-6327,,56416303700,,,,,
Alanya,Uzm. Dr.,Saime Yeliz,HISIM,Kadın Hastalıkları ve Doğum,,,,,,,50861399300,,,,,
İzmir,Uzm. Dr.,Binnaz,ÖZCAN,Kadın Hastalıkları ve Doğum,,,,,,,,,,,,
İstanbul,Uzm. Dr.,Tuğba,TEKELİOĞLU,Kadın Hastalıkları ve Doğum,,,,,0000-0002-6916-8886,,,,,,,
Alanya,Uzm. Dr.,Taner,TUNA,Kadın Hastalıkları ve Doğum,,,,,,,,,,,,
Alanya,Uzm. Dr.,Fatih,AYTEKİN,Kadın Hastalıkları ve Doğum,,,,,,,55212076400,6603188167,,,,
Adana,Uzm. Dr.,Songül,AYKUL,Kadın Hastalıkları ve Doğum,,,,,,,,,,,,
Adana,Uzm. Dr.,Gülşen,DOĞAN DURDAĞ,Kadın Hastalıkları ve Doğum,,,,,0000-0002-5064-5267,,57203979874,,,,,
Konya,Uzm. Dr.,Duygu,ÖZDEMİR,Kadın Hastalıkları ve Doğum,,,,,,,,,,,,
Adana,Uzm. Dr.,Selçuk,YETKİNEL,Kadın Hastalıkları ve Doğum,,,,,0000-0002-2165-9168,,56743207500,,,,,
Ankara,Arş. Gör. Dr.,Mehmet Ali,ABASIYANIK,Kadın Hastalıkları ve Doğum,,F3C91AA4D2C38A8C,,,,,,,,,,
Ankara,Arş. Gör. Dr.,Hüseyin Sonat,ŞİMŞİR,Kadın Hastalıkları ve Doğum,,,,,,,,,,,,
Ankara,Arş. Gör. Dr.,Khayala,ALİYEVA,Kadın Hastalıkları ve Doğum,,359F76BA526A4461,,,,,,,,,,
Ankara,Arş. Gör. Dr.,Atacan Timuçin,KARA,Kadın Hastalıkları ve Doğum,,,,,,,,,,,,
Ankara,Arş. Gör. Dr.,Mehmet Efe,NAMLI,Kadın Hastalıkları ve Doğum,,F941926877EE8246,,,,,,,,,,
Ankara,Arş. Gör. Dr.,Tahir,ERYILMAZ,Kadın Hastalıkları ve Doğum,,3CE2F360D9710C89,,,,,,,,,,
Ankara,Arş. Gör. Dr.,Lala,ISGANDAROVA,Kadın Hastalıkları ve Doğum,,88DBDF1E5FD8458F,,,,,,,,,,
Ankara,Arş. Gör. Dr.,Ebru,DURAN,Kadın Hastalıkları ve Doğum,,67D6F71F5F0316C8,,,,,,,,,,
Ankara,Prof. Dr.,Ali,AYHAN,Kadın Hastalıkları ve Doğum,Jinekolojik Onkoloji,BBB4BAC4253E6FBD,,,,,7102060962,,,,,ali-ayhan
Adana,Prof. Dr.,Hüsnü,ÇELİK,Kadın Hastalıkları ve Doğum,Jinekolojik Onkoloji,3432533AAFBEAFD4,,,0000-0003-1185-9227,,7005565469,,,,,
Ankara,Prof. Dr.,Ali,HABERAL,Kadın Hastalıkları ve Doğum,Jinekolojik Onkoloji,5874ECE17C73C123,,,0000-0002-1486-7209,,20234433800,26660303300,,,,ali-haberal
İstanbul,Prof. Dr.,Ümmühan Meral,ABAN,Kadın Hastalıkları ve Doğum,Jinekolojik Onkoloji,7CC855454602576A,,,,,35619698100,,,,,
Ankara,Prof. Dr.,Ülkü Esra,KUŞÇU,Kadın Hastalıkları ve Doğum,Jinekolojik Onkoloji,287B6430E2FAA55E,,,0000-0002-3822-2552,,6604072998,52463980800,,,,
Ankara,Doç. Dr.,Sertaç,ESİN,Kadın Hastalıkları ve Doğum,Perinatoloji,BB7469159BBE1C81,,,0000-0001-9577-4946,,23477299400,,,,,sertac-esin
Ankara,Uzm. Dr.,Nihal,ŞAHİN UYSAL,Kadın Hastalıkları ve Doğum,Perinatoloji,,,,0000-0001-5385-5502,,55175214400,56318090500,57191380833,,,
Ankara,Arş. Gör. (Uzm.) Dr.,Aslı,AZAMI,Kadın Hastalıkları ve Doğum,Perinatoloji,,,,,,,,,,,
Ankara,Arş. Gör. (Uzm.) Dr.,Duygu,TUĞRUL ERSAK,Kadın Hastalıkları ve Doğum,Perinatoloji,,,,,,,,,,,
Ankara,Prof. Dr.,Hulusi Bülent,ZEYNELOĞLU,Kadın Hastalıkları ve Doğum,Üreme Endokrinolojisi ve İnfertilite,3FC34AA6B5F5D52A,B-6487-2009,,0000-0002-0289-2642,,7003951918,8847302500,,,,hulusi-bulent-zeyneloglu
Ankara,Prof. Dr.,Gögşen Mehmet,ÖNALAN,Kadın Hastalıkları ve Doğum,Üreme Endokrinolojisi ve İnfertilite,923851A74420CC7F,,,0000-0003-3446-3751,,8697602900,,,,,
Adana,Prof. Dr.,Esra,BULGAN KILIÇDAĞ,Kadın Hastalıkları ve Doğum,Üreme Endokrinolojisi ve İnfertilite,058BD3ABC81BBB36,,,0000-0002-0942-9108,,55666774900,6602587629,57200039699,,,
Adana,Doç. Dr.,Tayfun,ÇOK,Kadın Hastalıkları ve Doğum,Üreme Endokrinolojisi ve İnfertilite,2F1FA716B727EB9F,,,0000-0003-1244-7419,,24471290600,,,,,
Ankara,Dr. Öğr. Üyesi Dr.,Yusuf Aytaç,TOHMA,Kadın Hastalıkları ve Doğum,Üreme Endokrinolojisi ve İnfertilite,CD61F16C16063FDE,,,0000-0001-9418-4733,,55834891800,56902577200,,,,
İstanbul,Prof. Dr.,Tufan,PAKER,Kalp ve Damar Cerrahisi,,15FE4B49ECEC6285,,,0000-0003-1963-6896,,14619653000,,,,,
Ankara,Prof. Dr.,Ahmet Şükrü,HATİPOĞLU,Kalp ve Damar Cerrahisi,,4FF9FC44A4E7B9E6,,,,,6701388207,,,,,
Ankara,Prof. Dr.,Hakkı Tankut,AKAY,Kalp ve Damar Cerrahisi,,971A1153D1C1A26E,,,0000-0003-1581-5352,,55664191700,10439297300,56264984800,24068669600,,
İstanbul,Prof. Dr.,Deniz Süha,KÜÇÜKAKSU,Kalp ve Damar Cerrahisi,,8B8D887ECFD820A9,,,0000-0003-2524-4864,,6603005515,6506487544,57213064398,,,
İstanbul,Doç. Dr.,Vedat,BAKUY,Kalp ve Damar Cerrahisi,,57FDFA4ECC7EBEBA,,,0000-0002-3156-5157,,6507600021,,,,,
Ankara,Doç. Dr.,Bahadır,GÜLTEKİN,Kalp ve Damar Cerrahisi,,272FC4BB02D96750,,,0000-0002-7746-8440,0000-0003-1947-8859,8869725800,,,,,
Konya,Dr. Öğr. Üyesi Dr.(Doç.),Mehmet,ÖZÜLKÜ,Kalp ve Damar Cerrahisi,,95963F3E29371839,,,0000-0002-9162-4251,,6508274147,,,,,mehmet-ozulku
Adana,Dr. Öğr. Üyesi Dr.(Doç.),Hüseyin Ali,TÜNEL,Kalp ve Damar Cerrahisi,,0CCF5AA67F0BA1E8,,,0000-0003-1175-1961,,36607208300,,,,,
Alanya,Dr. Öğr. Üyesi Dr.,Cevahir,HABERAL,Kalp ve Damar Cerrahisi,,1F6DF4255CB825DB,,,,,8970881700,,,,,
Ankara,Dr. Öğr. Üyesi Dr.,Deniz Sarp,BEYAZPINAR,Kalp ve Damar Cerrahisi,,111C3D1CD7AD60ED,,,0000-0001-5415-7036,,56716262900,,,,,
Konya,Dr. Öğr. Üyesi Dr.,Fatih,AYGÜN,Kalp ve Damar Cerrahisi,,1C9AC67E7BAC1CCF,,,0000-0002-5514-5392,,57190127372,,,,,
Alanya,Dr. Öğr. Üyesi Dr.,Tonguç,SABA,Kalp ve Damar Cerrahisi,,E689885AB1A815AA,,,,,24401916700,,,,,
Adana,Öğr. Gör. Dr.,Utku,ALEMDAROĞLU,Kalp ve Damar Cerrahisi,,B97F1FA341461922,,,0000-0002-9123-7403,,57193758469,,,,,
Adana,Uzm. Dr. (Doç.),Adem İlkay,DİKEN,Kalp ve Damar Cerrahisi,,,,,0000-0002-8782-7603,,36105718400,55696937500,,,,
Konya,Uzm. Dr.,Mehmet,ÇELİK,Kalp ve Damar Cerrahisi,,,,,,,,,,,,
Adana,Uzm. Dr.,İzzet,HAFEZ,Kalp ve Damar Cerrahisi,,,,,,,,,,,,
Ankara,Uzm. Dr.,Anar,ALIYEV,Kalp ve Damar Cerrahisi,,,,,0000-0002-0855-6340,,56021808500,,,,,
Ankara,Uzm. Dr.,Orhan Eren,GÜNERTEM,Kalp ve Damar Cerrahisi,,,,,0000-0002-7132-8586,,56121079200,56001759100,,,,
Ankara,Prof. Dr.,Atila,SEZGİN,Kalp ve Damar Cerrahisi,Çocuk Kalp ve Damar Cerrahisi,74ADB7CFF0883F24,,,0000-0002-3933-2219,,55137843400,,,,,atila-sezgin
Ankara,Prof. Dr.,Sait,AŞLAMACI,Kalp ve Damar Cerrahisi,Çocuk Kalp ve Damar Cerrahisi,CFB3F4A91CB51858,,,0000-0002-9372-2277,,6603545673,,,,,mehmet-sait-aslamacı
Ankara,Dr. Öğr. Üyesi Dr.(Doç.),Murat,ÖZKAN,Kalp ve Damar Cerrahisi,Çocuk Kalp ve Damar Cerrahisi,32BD955E0A8049AE,,,,,56404124000,57196778042,,,,
Ankara,Arş. Gör. (Uzm.) Dr.,Çağrı,KAYIPMAZ,Kalp ve Damar Cerrahisi,Çocuk Kalp ve Damar Cerrahisi,E37CE2B4F45DC615,,,0000-0003-0566-9793,,56543647000,,,,,
Ankara,Prof. Dr.,Hatice Seyra,ERBEK,Kulak-Burun-Boğaz Hastalıkları,,780454DDB30C534B,,,0000-0002-8453-6069,,14059932700,14825148500,,,,
Ankara,Prof. Dr.,Erdinç,AYDIN,Kulak-Burun-Boğaz Hastalıkları,,0050011F33643952,,,,,7004074803,,,,,erdinc-aydın
Adana,Prof. Dr.,Fatma,ÇAYLAKLI,Kulak-Burun-Boğaz Hastalıkları,,D6ED621E62E0AFD7,,,,,6506371080,,,,,
Adana,Prof. Dr.,Alper Nabi,ERKAN,Kulak-Burun-Boğaz Hastalıkları,,,H-1063-2019,,0000-0001-7138-1400,,6602309203,,,,,alper-nabi-erkan
Ankara,Prof. Dr.,Selim Sermed,ERBEK,Kulak-Burun-Boğaz Hastalıkları,,29FE4F300357018D,,,0000-0003-4825-3499,,14059901200,,,,,selim-sermed-erbek
Ankara,Prof. Dr.,Levent Naci,ÖZLÜOĞLU,Kulak-Burun-Boğaz Hastalıkları,,10A3D8F747E182D2,,,0000-0002-2150-0237,,6602000908,,,,,levent-naci-ozluoglu
Ankara,Prof. Dr.,Adnan Fuat,BÜYÜKLÜ,Kulak-Burun-Boğaz Hastalıkları,,,,,0000-0003-1528-0036,,8417375700,,,,,
Konya,Prof. Dr.,Özgül,TOPAL,Kulak-Burun-Boğaz Hastalıkları,,D84D255EE214929C,,,0000-0001-6305-5023,,14061197100,,,,,
Adana,Prof. Dr.,İsmail,YILMAZ,Kulak-Burun-Boğaz Hastalıkları,,,,,0000-0002-1694-7608,,35974512900,,,,,
Ankara,Doç. Dr.,Seda,TÜRKOĞLU BABAKURBAN,Kulak-Burun-Boğaz Hastalıkları,,BB259FC0C49D5224,,,0000-0001-5067-4044,,35486737400,57193659380,,,,seda-turkoglu-babakurban
Ankara,Doç. Dr.,Arzu,TÜZÜNER,Kulak-Burun-Boğaz Hastalıkları,,,,,0000-0001-9735-3504,,35077840700,,,,,
Alanya,Doç. Dr.,Leyla,KANSU,Kulak-Burun-Boğaz Hastalıkları,,F48F7A99C1BCAFBD,,,0000-0003-1707-7760,,23018359200,,,,,leyla-kansu
Ankara,Doç. Dr.,Evren,HIZAL,Kulak-Burun-Boğaz Hastalıkları,,3B93F0BFDFF2C774,,,0000-0002-9699-6783,,16042064000,,,,,
Adana,Doç. Dr.,Haluk,YAVUZ,Kulak-Burun-Boğaz Hastalıkları,,598E868E7FD0CAC2,F-6315-2015,,0000-0003-3320-204X,,7005814453,,,,,
İstanbul,Dr. Öğr. Üyesi Dr.(Doç.),Pelin,KOÇDOR,Kulak-Burun-Boğaz Hastalıkları,,423691853C9B79CB,,,0000-0001-9253-1412,,9251051800,57195730403,,,,
Alanya,Dr. Öğr. Üyesi Dr.(Doç.),Suat,AVCI,Kulak-Burun-Boğaz Hastalıkları,,,O-3636-2018,,0000-0003-2155-8014,,25621169100,,,,,
İzmir,Dr. Öğr. Üyesi Dr.(Doç.),Erkan,EŞKİ,Kulak-Burun-Boğaz Hastalıkları,,,,,0000-0002-4784-3342,,23488326500,,,,,erkan-eski
İstanbul,Dr. Öğr. Üyesi Dr.,Berke,ÖZÜCER,Kulak-Burun-Boğaz Hastalıkları,,,H-5289-2016,,0000-0001-7798-6793,,54966789100,,,,,
Adana,Dr. Öğr. Üyesi Dr.,Fulya,ÖZER,Kulak-Burun-Boğaz Hastalıkları,,652D11E15AF01199,,,0000-0001-5381-6861,,8273931900,,,,,
Ankara,Dr. Öğr. Üyesi Dr.,Işılay,ÖZ,Kulak-Burun-Boğaz Hastalıkları,,5B891D7FB9B073B6,,,0000-0002-7380-4566,,55612498500,57213751806,,,,
Konya,Dr. Öğr. Üyesi Dr.,Mehmet Volkan,AKDOĞAN,Kulak-Burun-Boğaz Hastalıkları,,59E5DEBAF064D281,,,0000-0001-9710-9974,,23494954100,13403462100,,,,
Adana,Öğr. Gör. Dr.,Cem,ÖZER,Kulak-Burun-Boğaz Hastalıkları,,A04AED2DFBFA78B3,,,,,23995614700,,,,,cem-ozer
Ankara,Öğr. Gör. Dr.,Alper,KÖYCÜ,Kulak-Burun-Boğaz Hastalıkları,,79E3AB3542E04055,,,0000-0003-1290-3509,,57039957100,,,,,
Alanya,Öğr. Gör. Dr.,Kübra,ÇOBAN,Kulak-Burun-Boğaz Hastalıkları,,00D5C13659A1093D,,,,,57195056015,,,,,
İstanbul,Öğr. Gör. Dr.,Osman Halit,ÇAM,Kulak-Burun-Boğaz Hastalıkları,,,,,,,41260943900,,,,,
Ankara,Öğr. Gör. Dr.,Gülfem,BEYAZPINAR,Kulak-Burun-Boğaz Hastalıkları,,F6173B8AC24403A1,,,0000-0003-4324-9458,,57191399742,,,,,
Ankara,Öğr. Gör. Dr.,Sabuhi,CEFEROV,Kulak-Burun-Boğaz Hastalıkları,,E95C302F1499EFF2,,,,,,,,,,
Ankara,Uzm. Dr.,Sezai,AYAZ,Kulak-Burun-Boğaz Hastalıkları,,,,,,,,,,,,
İzmir,Uzm. Dr.,Levent,OLGUN,Kulak-Burun-Boğaz Hastalıkları,,,,,0000-0001-9874-3862,,8256280800,,,,,
Ankara,Arş. Gör. Dr.,Gökay Serhan,YILDIZ,Kulak-Burun-Boğaz Hastalıkları,,,,,,,,,,,,
Ankara,Arş. Gör. Dr.,Azer,ABİLZADE,Kulak-Burun-Boğaz Hastalıkları,,CBAC3724FB7C3766,,,,,,,,,,
Ankara,Arş. Gör. Dr.,Göknil,GÜLTEKİN,Kulak-Burun-Boğaz Hastalıkları,,1C02EB6EDDB2F6DC,,,,,,,,,,
Ankara,Arş. Gör. Dr.,Ceren,BAŞ,Kulak-Burun-Boğaz Hastalıkları,,24F56807835EB99A,,,,,,,,,,
Ankara,Arş. Gör. Dr.,Ömer,VURAL,Kulak-Burun-Boğaz Hastalıkları,,323ECE0A2F025487,,,,,,,,,,
Ankara,Arş. Gör. Dr.,Artoghrul,İSAZADE,Kulak-Burun-Boğaz Hastalıkları,,52B1DD97100D7C52,,,,,,,,,,
Konya,Prof. Dr.,Abdurrahman,KUTLU,Ortopedi ve Travmatoloji,,1E5823CB8B39A794,,,,,6603708944,,,,,
Adana,Prof. Dr.,Murat Ali,HERSEKLİ,Ortopedi ve Travmatoloji,,177A3AC77F187BE5,,,0000-0001-6204-0372,,6603569419,,,,,
Ankara,Prof. Dr.,Rahmi Can,AKGÜN,Ortopedi ve Travmatoloji,,4229AC7E4F9C078D,,,0000-0002-7545-1784,,27168928800,,,,,
Ankara,Prof. Dr.,İsmail Cengiz,TUNCAY,Ortopedi ve Travmatoloji,,4B404309320C1194,,,0000-0001-5856-8895,,6701330998,6603466988,56751916200,,,
Adana,Prof. Dr.,Gürkan,ÖZKOÇ,Ortopedi ve Travmatoloji,,D24B3EA0FE824413,,,,,6602128119,,,,,
Ankara,Prof. Dr.,İlhami,KURU,Ortopedi ve Travmatoloji,,978C16C248663BDC,,,0000-0002-1268-1451,,55981810400,10045491700,,,,
İzmir,Prof. Dr.,Hakan,BOYA,Ortopedi ve Travmatoloji,,1EEF000961C47F62,,,0000-0001-6110-4004,,6602862897,,,,,
Adana,Prof. Dr.,Metin,ÖZALAY,Ortopedi ve Travmatoloji,,D8670129BA37B08B,,,0000-0002-2506-9712,,6602489487,,,,,
Ankara,Prof. Dr.,Hüseyin,DEMİRÖRS,Ortopedi ve Travmatoloji,,3F52A86234A175EC,,,0000-0002-2457-0935,,6603619126,,,,,
Ankara,Doç. Dr.,Orçun,ŞAHİN,Ortopedi ve Travmatoloji,,7DF05F1AEE2F9240,,,0000-0002-6035-6258,,9736208600,,,,,
Alanya,Doç. Dr.,Mehmet Şükrü,ŞAHİN,Ortopedi ve Travmatoloji,,50437621F44F9799,,,0000-0001-7677-8423,,36337954400,,,,,mehmet-sukru-sahin
İstanbul,Doç. Dr.,Emre,DEMİRÇAY,Ortopedi ve Travmatoloji,,FC6A3EAB00DB4A2A,,,,,12764823000,,,,,emre-demircay
Adana,Doç. Dr.,Bekir Murat,ÇINAR,Ortopedi ve Travmatoloji,,7BB0B5E335877B20,,,0000-0002-7906-5039,,35368261800,15051760300,,,,bekir-murat-cınar
Konya,Doç. Dr.,Mehmet,TÜKENMEZ,Ortopedi ve Travmatoloji,,367AACDFACA7155E,,,,,56038685600,8615718900,,,,
İstanbul,Dr. Öğr. Üyesi Dr.,Ömer,ÖZEL,Ortopedi ve Travmatoloji,,E34296F07BACD1A5,,,,,56545434600,,,,,
Adana,Dr. Öğr. Üyesi Dr.,Salih,BEYAZ,Ortopedi ve Travmatoloji,,71E11E8BE8DF2297,M-2609-2013,,0000-0002-5788-5116,,35723827100,,,,,
Ankara,Dr. Öğr. Üyesi Dr.,Bahtiyar,HABERAL,Ortopedi ve Travmatoloji,,21F40FD3C3E9577D,W-9080-2019,,0000-0002-1668-6997,,55631129800,,,,,
Adana,Dr. Öğr. Üyesi Dr.,Ümit Özgür,GÜLER,Ortopedi ve Travmatoloji,,79629356D06AAD5B,,,,,47361011400,,,,,
Adana,Öğr. Gör. Dr.,Mustafa Çağrı,AVCI,Ortopedi ve Travmatoloji,,9DC86006AADBF400,,,,,,,,,,
Alanya,Uzm. Dr. (Doç.),Kemal,GÖKKUŞ,Ortopedi ve Travmatoloji,,,A-4410-2016,,0000-0002-4916-3471,0000-0003-0653-5260,6507300940,,,,,
İzmir,Uzm. Dr.,Bora,LİMNİLİ,Ortopedi ve Travmatoloji,,,,,0000-0003-2362-1590,,,,,,,
Konya,Uzm. Dr.,Javid Mohammadzade,HAZARABADI,Ortopedi ve Travmatoloji,,,,,,,,,,,,
İzmir,Uzm. Dr.,Bahriye,ASLAN  KARAKAYA,Ortopedi ve Travmatoloji,,,,,,,,,,,,
Alanya,Uzm. Dr.,Mehmet Barış,SARGIN,Ortopedi ve Travmatoloji,,,,,0000-0003-4648-9473,,,,,,,
Ankara,Arş. Gör. Dr.,Salim Ceyhun,ÜSTÜN,Ortopedi ve Travmatoloji,,67D53EF2CF7C8A5E,,,,,,,,,,
Ankara,Arş. Gör. Dr.,Ali Yawz,ALI ALI,Ortopedi ve Travmatoloji,,6EABB006C54D372C,,,,,,,,,,
Ankara,Arş. Gör. Dr.,Maksat,ARTYKOV,Ortopedi ve Travmatoloji,,,,,,,,,,,,
Ankara,Arş. Gör. Dr.,Mahmut,IŞIK,Ortopedi ve Travmatoloji,,B3536654D35A4A71,,,,,,,,,,
Ankara,Arş. Gör. Dr.,Can,ÇETİN,Ortopedi ve Travmatoloji,,140953D961864CFF,,,0000-0003-4613-1607,,,,,,,
Ankara,Arş. Gör. Dr.,Koray,AKPINAR,Ortopedi ve Travmatoloji,,E90E0030911028E9,,,,,,,,,,
Ankara,Prof. Dr.,Ahmet Çağrı,UYSAL,Plastik ve Rekonstrüktif Cerrahi,,A068CA621F7FF745,,,0000-0001-6236-0050,,7005410154,23391372000,,,,
Ankara,Prof. Dr.,Nilgün,ERTAŞ,Plastik ve Rekonstrüktif Cerrahi,,352C55A63604716D,,,,,55663179600,6701690655,,,,
Ankara,Dr. Öğr. Üyesi Dr.,Burak,ÖZKAN,Plastik ve Rekonstrüktif Cerrahi,,C80B42D16C225418,,,0000-0003-3093-8369,,57194264417,,,,,
Konya,Dr. Öğr. Üyesi Dr.,Enver,ARPACI,Plastik ve Rekonstrüktif Cerrahi,,840540F0EDB32C79,W-1571-2017,,0000-0001-6713-8387,,25951334100,,,,,
Alanya,Uzm. Dr.,Ahmet,ÇETİNBAŞ,Plastik ve Rekonstrüktif Cerrahi,,,,,,,57191526840,,,,,
Adana,Uzm. Dr.,Emrah Efe,ASLANER,Plastik ve Rekonstrüktif Cerrahi,,,,,,,54419424900,,,,,
Adana,Uzm. Dr.,Cem,ÖZ,Plastik ve Rekonstrüktif Cerrahi,,,,,,,57211170837,,,,,
Ankara,Arş. Gör. Dr.,Kadri,AKINCI,Plastik ve Rekonstrüktif Cerrahi,,BE3359B35D5E92C5,,,,,,,,,,
Ankara,Arş. Gör. Dr.,Abbas Najımaldın Muhsun,AL-BAYATI,Plastik ve Rekonstrüktif Cerrahi,,4A83E793616E17D5,,,,,,,,,,
Ankara,Arş. Gör. Dr.,Süleyman,SAVRAN,Plastik ve Rekonstrüktif Cerrahi,,,,,,,,,,,,
Ankara,Prof. Dr.,Özlem,ÖZEN,Tıbbi Patoloji,,39C38E3D21FB033D,,,0000-0002-9082-1317,,6603048900,,,,,ozlem-ozen
Ankara,Prof. Dr.,Binnaz Handan,ÖZDEMİR,Tıbbi Patoloji,,566195F0202BFBF3,X-8540-2019,,0000-0002-7528-3557,,7004168956,,,,,binnaz-handan-ozdemir
Ankara,Prof. Dr.,Asuman Nihan,HABERAL REYHAN,Tıbbi Patoloji,,6C9E9C726ABC21AC,,,0000-0001-9852-9911,,8630541000,,,,,asuman-nihan-haberal-reyhan
Adana,Prof. Dr.,Filiz,AKA BOLAT,Tıbbi Patoloji,,F750A7CCFA14D8DF,,,,,6602427475,12764340200,57213286295,,,filiz-bolat
İstanbul,Prof. Dr.,Şemsi,YILDIZ,Tıbbi Patoloji,,0080CA48F6D0B469,,,,,56382091800,,,,,
Adana,Prof. Dr.,Fazilet,KAYASELÇUK,Tıbbi Patoloji,,A01471E9B10189A5,,,0000-0002-1180-3840,,7004390392,,,,,fazilet-kayaselcuk
Adana,Doç. Dr.,Nazım Emrah,KOÇER,Tıbbi Patoloji,,B206AE276C6C57C6,,,0000-0003-3636-8109,0000-0002-5943-9283,9336886700,,,,,nazım-emrah-kocer
Ankara,Doç. Dr.,Ayşen,TERZİ,Tıbbi Patoloji,,00FBD67572585C34,,,0000-0002-1225-132,,7005355909,,,,,aysen-terzi
Ankara,Doç. Dr.,Ebru Şebnem,AYVA,Tıbbi Patoloji,,90D445CB71A68517,,,0000-0002-2280-8778,,54583215600,,,,,ebru-sebnem-ayva
Ankara,Dr. Öğr. Üyesi Dr.(Doç.),Gonca,BARIT ÖZGÜN,Tıbbi Patoloji,,2AABFAC613820E57,,,,,35520074800,25824724400,,,,
Ankara,Dr. Öğr. Üyesi Dr.,Eda,YILMAZ AKÇAY,Tıbbi Patoloji,,E321806D73B316CF,,,0000-0001-6831-9585,,35078171200,56499365200,,,,
Alanya,Dr. Öğr. Üyesi Dr.,Hampar,AKKAYA,Tıbbi Patoloji,,E8B419B3B5D90DEA,,,0000-0002-7070-6901,,16425370900,,,,,
Ankara,Dr. Öğr. Üyesi Dr.,Alev,OK ATILGAN,Tıbbi Patoloji,,841BBEE873116124,,,0000-0001-8595-8880,,55253530400,53164587600,,,,
Ankara,Dr. Öğr. Üyesi Dr.,Pelin,BÖRCEK,Tıbbi Patoloji,,EDA318465F54FE16,,,0000-0001-8565-0667,,24075269000,13614040100,,,,
Ankara,Dr. Öğr. Üyesi Dr.,Merih,TEPEOĞLU,Tıbbi Patoloji,,37C23D15A09D73ED,,,0000-0002-9894-8005,,55508346500,,,,,merih-tepeoglu
Adana,Öğr. Gör. Dr.(Doç.),Emine Tuba,CANPOLAT,Tıbbi Patoloji,,C9E14450D5083F42,,,0000-0002-6099-4786,,20435277500,,,,,emine-tuba-canpolat
Konya,Öğr. Gör. Dr.,Esra Zeynep,ÇOŞKUNOĞLU,Tıbbi Patoloji,,FD887DDDC185220B,,,0000-0002-6176-7016,,37039384200,,,,,
Konya,Öğr. Gör. Dr.,Özgür Hilal,ERİNANÇ,Tıbbi Patoloji,,6723DF8D875AEF9E,,,0000-0003-1401-6356,,55544092800,,,,,ozgur-hilal-erinanc
İzmir,Uzm. Dr. (Doç.),Oya Nermin,SİVRİKOZ,Tıbbi Patoloji,,,,,0000-0001-7454-2812,,24475644100,,,,,
İstanbul,Uzm. Dr.,Saime,RAMADAN,Tıbbi Patoloji,,,,,0000-0002-9537-0375,,8287424100,15071839100,57213669551,57212114416,,
Adana,Uzm. Dr.,Bermal,HASBAY,Tıbbi Patoloji,,,,,0000-0002-7941-7962,,36113575200,,,,,
Ankara,Arş. Gör. Dr.,İstem,ŞANAL,Tıbbi Patoloji,,88E6A897995016E3,,,,,,,,,,
Ankara,Arş. Gör. Dr.,Duygu,TÜRKBEY,Tıbbi Patoloji,,B0A6C0409DD0E508,,,,,,,,,,
Ankara,Arş. Gör. Dr.,Merve Nur,ÇELİK,Tıbbi Patoloji,,91386B909BB61420,,,,,,,,,,
Ankara,Arş. Gör. Dr.,Elif,ÇİLOĞLU,Tıbbi Patoloji,,DE94DC850BEFF8B4,,,,,,,,,,
Ankara,Arş. Gör. Dr.,Aynura,ZEYNALOVA,Tıbbi Patoloji,,E2017C279BC9CA4F,,,,,,,,,,
Ankara,Arş. Gör. Dr.,Sergen,YAĞCI,Tıbbi Patoloji,,1EBA0798BFE85B8C,,,,,,,,,,
Ankara,Arş. Gör. Dr.,Leyla,HESENELİYEVA,Tıbbi Patoloji,,,,,,,,,,,,
Adana,Prof. Dr.,Ferhat,KILINÇ,Üroloji,,15E3BDA5EB5554CB,,,,,6601992812,,,,,
İstanbul,Prof. Dr.,Ali Ferruh,AKAY,Üroloji,,8B9FBD6BFD7E3ED3,,,0000-0003-0389-9472,,7004143378,8353334200,57032567200,,,
Ankara,Prof. Dr.,Yüksel Cem,AYGÜN,Üroloji,,76D3A23B956C2B6E,,,0000-0002-6232-4313,,57197201026,57192595052,,,,
Ankara,Prof. Dr.,Hakan,ÖZKARDEŞ,Üroloji,,6A685C576E87C71B,,,0000-0002-7277-449X,,7004866107,,,,,hakan-ozkardes
Ankara,Prof. Dr.,Ayhan,DİRİM,Üroloji,,E5C474AAB83435C2,,,0000-0003-2898-485X,,6507598088,,,,,
Adana,Prof. Dr.,Mehmet Tulga,EĞİLMEZ,Üroloji,,6CCF3290AE47C73C,,,0000-0001-5644-5672,,6602997371,56811069800,,,,
Ankara,Prof. Dr.,Mehmet İlteriş,TEKİN,Üroloji,,8CA718A0EABA1550,,,,,55405410400,35609111000,,,,
Adana,Prof. Dr.,Barış,KUZGUNBAY,Üroloji,,A51D0B1A7566533B,,,0000-0002-0011-9322,,22980475100,,,,,barıs-kuzgunbay
Konya,Prof. Dr.,Bülent,ÖZTÜRK,Üroloji,,9855B0CA1665405B,,,,,24280132400,,,,,
Adana,Prof. Dr.,Sezgin,GÜVEL,Üroloji,,67FB0C126AEE853C,,,,,8152663800,,,,,
Ankara,Prof. Dr.,Çetin Levent,PEŞKİRCİOĞLU,Üroloji,,B843319C5C242FFC,,,0000-0001-9989-403X,,55942162600,6603066871,6506520745,57210612674,57044675600,cetin-levent-peskircioglu
İstanbul,Doç. Dr.,Şükrü,KUMSAR,Üroloji,,5D7851C8D0858BFF,,,0000-0003-3700-4104,,24780801600,,,,,
Alanya,Doç. Dr.,Müslüm Ahmet,TUNÇKIRAN,Üroloji,,6C31A6706F8940BF,,,0000-0001-7303-7064,,6507992820,56154645600,,,,
Adana,Doç. Dr.,Mehmet Reşit,GÖREN,Üroloji,,74B4A475F921A3FB,Y-6143-2019,,0000-0002-2001-1386,,23767998500,,,,,mehmet-resit-goren
Adana,Doç. Dr.,Ümit,GÜL,Üroloji,,C38F390FE74BE6E3,,,,,6603540276,,,,,
Alanya,Dr. Öğr. Üyesi Dr.(Doç.),Tümay,İPEKÇİ,Üroloji,,43888609F6591827,,,0000-0002-2755-0526,,35268985500,,,,,
Ankara,Dr. Öğr. Üyesi Dr.,Eray,HASIRCI,Üroloji,,074B5DBE381C362B,,,0000-0002-4147-2966,,35731412200,,,,,
Ankara,Dr. Öğr. Üyesi Dr.,Ahmet İbrahim,OĞUZÜLGEN,Üroloji,,CB3F229E6A791F2B,,,0000-0002-8723-1391,,57205043512,19035919700,,,,
Adana,Dr. Öğr. Üyesi Dr.,Cevahir,ÖZER,Üroloji,,6BCE79AE7240032E,,,0000-0002-7850-6912,,36930669000,,,,,
İzmir,Öğr. Gör. Dr.,Aşkın,EROĞLU,Üroloji,,90B7BB461FB78C73,,,0000-0003-2404-6209,,35583074400,57211915998,,,,
Konya,Uzm. Dr.,Burak,YILMAZ,Üroloji,,,,,0000-0002-4242-9134,,56054871400,,,,,
Konya,Uzm. Dr.,Erman,CEYHAN,Üroloji,,,,,0000-0001-8223-6399,,57209035541,,,,,
Ankara,Uzm. Dr.,Enis,KERVANCIOĞLU,Üroloji,,,,,0000-0003-3465-9092,,57050663200,,,,,
Alanya,Uzm. Dr.,Nasır,YILMAZ,Üroloji,,,,,,,55193775600,,,,,
Adana,Prof. Dr.,Betül,GÜLALP,Acil Tıp,,4A0DA8318D0565D4,,,,,22950346300,,,,,
Ankara,Dr. Öğr. Üyesi Dr.,Murat,MURATOĞLU,Acil Tıp,,13FAD3D1286DE30C,,,,,56607192800,,,,,
Adana,Öğr. Gör. Dr.,Hasan,YEŞİLAĞAÇ,Acil Tıp,,DDB7F528C8FC1626,,,0000-0002-1365-9256,,9432754800,,,,,hasan-yesilagac
Adana,Öğr. Gör. Dr.,Özlem,KARAGÜN,Acil Tıp,,548FC51626B04E27,U-4084-2017,,0000-0003-0681-8375,,54931425300,,,,,
Ankara,Uzm. Dr. (Doç.),Mustafa,SEVER,Acil Tıp,,,,,0000-0003-3384-5141,,36115063700,,,,,
Konya,Uzm. Dr. (Doç.),Keziban,UÇAR KARABULUT,Acil Tıp,,,,,0000-0001-9188-0266,,36664590700,,,,,
Konya,Uzm. Dr.,Emine,DOĞAN,Acil Tıp,,,,,,,,,,,,
Adana,Uzm. Dr.,Veyis,TAŞIN,Acil Tıp,,,,,0000-0002-0297-0452,,56495522500,,,,,
Alanya,Uzm. Dr.,Tayfun Anıl,DEMİR,Acil Tıp,,,,,,,57205300693,,,,,
İstanbul,Uzm. Dr.,Ahmed,IŞIKLAR,Acil Tıp,,,,,,,,,,,,
Alanya,Uzm. Dr.,Mehmet Hüsamettin,AKKÜÇÜK,Acil Tıp,,,,,0000-0003-4569-1143,,39260977200,55596250500,,,,
Ankara,Uzm. Dr.,Hayrettin Meftun,KAPTAN,Acil Tıp,,,,,,,,,,,,
Alanya,Uzm. Dr.,Elif,KILIÇLI DOĞANAY,Acil Tıp,,,,,0000-0002-5040-0155,,56470773700,,,,,
Alanya,Uzm. Dr.,Mehmet Akif,KARADAŞ,Acil Tıp,,,,,,,57205303155,,,,,
Ankara,Uzm. Dr.,İrfan,KALA,Acil Tıp,,,,,0000-0001-6397-2112,,57200304393,,,,,
İzmir,Uzm. Dr.,Belkan,UZUN,Acil Tıp,,,,,,,57196657128,16032343200,56350566100,,,
Adana,Uzm. Dr.,Erkan,DOĞAN,Acil Tıp,,,,,,,,,,,,
Adana,Uzm. Dr.,Özgün,KÖSENLİ,Acil Tıp,,,,,0000-0001-6687-3320,,41861830900,,,,,
Ankara,Uzm. Dr.,Ebru,BIYIKLI,Acil Tıp,,,,,,,57201380859,,,,,
Alanya,Uzm. Dr.,Meltem,SEVİNER,Acil Tıp,,,,,,,56518326000,,,,,
Ankara,Arş. Gör. Dr.,Melih,AKSOY,Acil Tıp,,69E771649F81DEBB,,,,,,,,,,
Ankara,Arş. Gör. Dr.,Ceyhun,TEMEL,Acil Tıp,,,,,,,,,,,,
Ankara,Arş. Gör. Dr.,Saltuk Buğra,KARACA,Acil Tıp,,40B0271C3F6D91F0,,,,,,,,,,
Ankara,Arş. Gör. Dr.,Büşra,BULUT,Acil Tıp,,,,,,,,,,,,
Ankara,Arş. Gör. Dr.,Mehmet Ali,URUÇAY,Acil Tıp,,B496632833843C77,,,,,,,,,,
Ankara,Arş. Gör. Dr.,Hatice İlsu,YILDIRIM,Acil Tıp,,B4C9BE53BBF3D5E2,,,,,,,,,,
Ankara,Arş. Gör. Dr.,Amin,CHEREHSAZ,Acil Tıp,,,,,,,,,,,,
Ankara,Arş. Gör. Dr.,İdd Selemani,ATHUMANI,Acil Tıp,,,,,,,,,,,,
Ankara,Arş. Gör. Dr.,Saadet Nur,ÇETİNKAYA,Acil Tıp,,,,,,,,,,,,
Ankara,Arş. Gör. Dr.,Yunus Emre,FELEK,Acil Tıp,,EDF72FD96ABE9564,,,,,,,,,,
Ankara,Prof. Dr.,Erhan,BÜKEN,Adli Tıp,,97A4A3AE910C1049,,,0000-0002-4779-0623,,6602245512,,,,,
Ankara,Dr. Öğr. Üyesi Dr.,Zehtiye Füsun,YAŞAR,Adli Tıp,,EE4CD4FF16B3E807,,,0000-0002-4583-7678,,56692761300,,,,,
Ankara,Arş. Gör. Dr.,Furkan,ŞAN,Adli Tıp,,5D002055747A797E,,,,,,,,,,
Ankara,Arş. Gör. Dr.,Damla,ŞEKERCİ,Adli Tıp,,,,,,,,,,,,
Ankara,Prof. Dr.,Altuğ,KUT,Aile hekimliği,,59307F9CA9B0AF2B,,,0000-0003-0776-8349,,6603050379,,,,,altug-kut
Ankara,Prof. Dr.,Mehmet Ergun,ÖKSÜZ,Aile hekimliği,,55CBC0F095C32297,K-8238-2012,,0000-0002-5723-5965,,8950780800,,,,,mehmet-ergun-oksuz
Adana,Prof. Dr.,Akatlı Kürşad,ÖZŞAHİN,Aile hekimliği,,B7A36E8678234C34,,,0000-0001-8844-3946,,6603492679,15036591500,,,,akatlı-kursad-ozsahin
İstanbul,Doç. Dr.,Özlem,CİĞERLİ,Aile hekimliği,,F99F5CFFFFA116D1,,,0000-0002-7995-1380,,14520908400,,,,,ozlem-cigerli
Adana,Doç. Dr.,Süheyl,ASMA,Aile hekimliği,,4A5915FCA6869DA8,,,0000-0001-5335-7976,,16041468800,,,,,suheyl-asma
Adana,Dr. Öğr. Üyesi Dr.,Aslı,KORUR,Aile hekimliği,,D00FABDC19AE1833,,,0000-0002-5086-5593,,56590008900,,,,,
Ankara,Dr. Öğr. Üyesi Dr.,Cihan,FİDAN,Aile hekimliği,,C06F2B8692397843,F-5830-2019,,0000-0002-9093-1524,,55058040700,,,,,
Ankara,Dr. Öğr. Üyesi Dr.,Fisun,SÖZEN,Aile hekimliği,,46C7788B7A4E50B4,,,0000-0002-1951-2693,,36129068500,,,,,
Konya,Öğr. Gör. Dr.,Fatma Eda,SÖZMEN,Aile hekimliği,,1E4AFD6C3B51D935,,,,,,,,,,
Adana,Öğr. Gör. Dr.,İnci,TURAN,Aile hekimliği,,,,,,,9239699500,,,,,
Ankara,Öğr. Gör. Dr.,Muzaffer Gökhan,EMİNSOY,Aile hekimliği,,F4174FA14BAFCCE7,,,0000-0002-6070-7329,,6504143810,,,,,
Adana,Öğr. Gör. Dr.,Ahmet Gürhan,POÇAN,Aile hekimliği,,68BFCE24FD5821D4,,,,,55977595300,,,,,
Alanya,Uzm. Dr.,Gökhan,ÖZÇELİK,Aile hekimliği,,,,,,,,,,,,
Alanya,Uzm. Dr.,Murat,AYTUĞ,Aile hekimliği,,,,,,,,,,,,
Ankara,Uzm. Dr.,Elvan,BİLİCİ AKSÖZ,Aile hekimliği,,,,,,,,,,,,
İzmir,Uzm. Dr.,Sevda,OSMANOĞLU,Aile hekimliği,,,,,,,56365281100,,,,,
İzmir,Uzm. Dr.,Ahmet,DOLAR,Aile hekimliği,,B09C7585281364BC,,,,,,,,,,
Alanya,Uzm. Dr.,Aydın,TOKTAMIŞ,Aile hekimliği,,,,,,,6507124532,,,,,
Adana,Uzm. Dr.,Mustafa Okan,İÇER,Aile hekimliği,,,,,,,57205040456,,,,,
Adana,Uzm. Dr.,Aydan,AKSÖYEK,Aile hekimliği,,,,,,,,,,,,
Alanya,Uzm. Dr.,Hakan,AKDEMİR,Aile hekimliği,,,,,,,,,,,,
Ankara,Uzm. Dr.,Funda,SALGÜR,Aile hekimliği,,,,,,,35786342100,,,,,
Adana,Uzm. Dr.,Leyla Rabia,UZ,Aile hekimliği,,,,,,,,,,,,
Ankara,Arş. Gör. Dr.,Fatma,BACIK,Aile hekimliği,,,,,,,,,,,,
Ankara,Arş. Gör. Dr.,Büşra,BASMACI,Aile hekimliği,,09CE9204FE504C13,,,,,,,,,,
Ankara,Arş. Gör. Dr.,Merve,ALYAMAÇ YAŞAR,Aile hekimliği,,F424E5A9E9F89570,,,,,,,,,,
Ankara,Arş. Gör. Dr.,Hasibe Ece,GÜLER,Aile hekimliği,,,,,,,,,,,,
Ankara,Arş. Gör. Dr.,Samra,KAMİLOVA,Aile hekimliği,,0873693210CD50ED,,,,,,,,,,
Ankara,Arş. Gör. Dr.,Emre Ruhi,GÖÇMEN,Aile hekimliği,,475371E22AC4226C,,,,,,,,,,
Ankara,Arş. Gör. Dr.,Ahmet Serkan,ŞAHİNKAYA,Aile hekimliği,,0769F88894A15DD9,,,,,,,,,,
Ankara,Arş. Gör. Dr.,Meliha Kübra,ŞİMŞEK,Aile hekimliği,,1B2D298EB2D35033,,,,,,,,,,
Ankara,Arş. Gör. Dr.,Şeyma Berfu,BİRLİK,Aile hekimliği,,,,,,,,,,,,
Ankara,Arş. Gör. Dr.,Mustafa,KARABEKİR,Aile hekimliği,,1DC01FD439C1F954,,,,,,,,,,
Ankara,Arş. Gör. Dr.,Mesut,AKSAY,Aile hekimliği,,,,,,,,,,,,
Ankara,Arş. Gör. Dr.,Gultekin,HUSEYNLI,Aile hekimliği,,F989D68070D1911A,,,,,,,,,,
Ankara,Arş. Gör. Dr.,Rabia Esra,YALÇIN,Aile hekimliği,,5E469C4BA07F6900,,,,,,,,,,
Ankara,Arş. Gör. Dr.,Asan Najat Ali,ALI,Aile hekimliği,,,,,,,,,,,,
Ankara,Arş. Gör. Dr.,Melike,ALSANCAK,Aile hekimliği,,BA5FD921FBD36063,,,,,,,,,,
Ankara,Arş. Gör. Dr.,Gizem,KOÇOĞLU BİLGİÇ,Aile hekimliği,,4293F3029B7DACB8,,,,,,,,,,
Ankara,Arş. Gör. Dr.,Hatice Cemre,KESKİNER,Aile hekimliği,,973DFC143881998B,,,,,,,,,,
Ankara,Arş. Gör. Dr.,İrem,ERDEM,Aile hekimliği,,F70FCFEBCD67F784,,,,,,,,,,
Ankara,Arş. Gör. Dr.,Müberra,TURAN,Aile hekimliği,,56B47BC9A83B1B54,,,,,,,,,,
Ankara,Prof. Dr.,İsmail Zafer,ECEVİT,Çocuk Sağlığı ve Hastalıkları,,992632AEA624AEB4,,,0000-0001-6216-8480,,6701862170,56738692500,57205033350,,,
Ankara,Prof. Dr.,Halil İbrahim,AYDIN,Çocuk Sağlığı ve Hastalıkları,,52D1DFADCCC69B4F,,,0000-0001-7994-4394,,35516414100,,,,,
Adana,Dr. Öğr. Üyesi Dr.(Doç.),Yasemin,ÖZKALE,Çocuk Sağlığı ve Hastalıkları,,CD372B11DBCC4A18,,,0000-0003-3009-336X,,55256208700,,,,,yasemin-ozkale
Ankara,Dr. Öğr. Üyesi Dr.,Beril,AYDIN,Çocuk Sağlığı ve Hastalıkları,,32B266EE1A7C0E0A,,,,,54403606600,57205128322,,,,
Ankara,Dr. Öğr. Üyesi Dr.,Ayşe,GÜLTEKİNGİL,Çocuk Sağlığı ve Hastalıkları,,A65B0527AA9066C7,,,,,35085122100,56263120400,,,,
Ankara,Dr. Öğr. Üyesi Dr.,Özge,YÜCE,Çocuk Sağlığı ve Hastalıkları,,FB79EA7AB60CF888,,,0000-0002-2653-4065,,55938288600,,,,,
İstanbul,Öğr. Gör. Dr.,Esra,KEZER,Çocuk Sağlığı ve Hastalıkları,,50BFA76BC1D3E2A8,,,,,8579338600,12797930700,,,,
İzmir,Öğr. Gör. Dr.,Bahar,KULU,Çocuk Sağlığı ve Hastalıkları,,D3E313A80E96DAF9,,,0000-0003-2147-9316,,57202021084,,,,,
İstanbul,Öğr. Gör. Dr.,Bengü,ALTINORDU,Çocuk Sağlığı ve Hastalıkları,,8AF76C986EE798F4,,,,,,,,,,
Adana,Öğr. Gör. Dr.,Tuba,CEMİL KARSANTIÖZÜ,Çocuk Sağlığı ve Hastalıkları,,535D32CCB9DCDC4C,,,,,12795699700,,,,,
Adana,Uzm. Dr.,Nihal,AKTAŞ,Çocuk Sağlığı ve Hastalıkları,,,,,0000-0001-9109-4505,,,,,,,
Ankara,Uzm. Dr.,Esra,ÖZKIRLI,Çocuk Sağlığı ve Hastalıkları,,,,,,,,,,,,
Adana,Uzm. Dr.,Gökçe,YEGÜL GÜLNAR,Çocuk Sağlığı ve Hastalıkları,,,,,,,57211695678,,,,,
İstanbul,Uzm. Dr.,Elif,GÖNEN,Çocuk Sağlığı ve Hastalıkları,,,,,,,,,,,,
Alanya,Uzm. Dr.,Burhan,TOPAL,Çocuk Sağlığı ve Hastalıkları,,,,,,,55965948700,6603746560,,,,
Konya,Uzm. Dr.,Mehmet,TEKİN,Çocuk Sağlığı ve Hastalıkları,,,,,,,,,,,,
Konya,Uzm. Dr.,Ayşegül,OLALI KÜÇÜKARAP,Çocuk Sağlığı ve Hastalıkları,,,,,,,,,,,,
Ankara,Uzm. Dr.,Betül,ORHAN KILIÇ,Çocuk Sağlığı ve Hastalıkları,,,,,,,55443469100,57205121300,,,,
Ankara,Uzm. Dr.,Serhat,KILIÇ,Çocuk Sağlığı ve Hastalıkları,,,,,,,,,,,,
Ankara,Uzm. Dr.,Tijen,BAŞIBÜYÜK,Çocuk Sağlığı ve Hastalıkları,,,,,,,40160926200,,,,,
Adana,Uzm. Dr.,Müge,NARTTÜRK,Çocuk Sağlığı ve Hastalıkları,,,,,0000-0001-6540-9809,,,,,,,
Adana,Uzm. Dr.,Talip,SAYAR,Çocuk Sağlığı ve Hastalıkları,,,,,,,57201446215,,,,,
Adana,Uzm. Dr.,Özgür,CEYLAN,Çocuk Sağlığı ve Hastalıkları,,,,,0000-0001-6910-7250,,55780928600,,,,,
Alanya,Uzm. Dr.,Nesrin,ÜLKÜ,Çocuk Sağlığı ve Hastalıkları,,,,,,,55966429700,,,,,
Alanya,Uzm. Dr.,Halit,KAPLAN,Çocuk Sağlığı ve Hastalıkları,,,,,,,55965260600,,,,,
Adana,Uzm. Dr.,Hakan,ÖZKAN,Çocuk Sağlığı ve Hastalıkları,,,,,,,,,,,,
Konya,Uzm. Dr.,Gülay,TAŞBAŞ,Çocuk Sağlığı ve Hastalıkları,,,,,,,,,,,,
Ankara,Uzm. Dr.,Ayşe Aslihan,GÜCÜŞ,Çocuk Sağlığı ve Hastalıkları,,,,,,,,,,,,
Ankara,Uzm. Dr.,Özlem,AKBULUT,Çocuk Sağlığı ve Hastalıkları,,,,,,,57211441703,,,,,
Ankara,Arş. Gör. Dr.,Mustafa Aykut,AKYILDIZ,Çocuk Sağlığı ve Hastalıkları,,,,,,,,,,,,
Ankara,Arş. Gör. Dr.,Gülay,ÇANDIR,Çocuk Sağlığı ve Hastalıkları,,7DA6FBF28337ED9C,,,,,,,,,,
Ankara,Arş. Gör. Dr.,Gultakin,MUSAYEVA,Çocuk Sağlığı ve Hastalıkları,,,,,,,,,,,,
Ankara,Arş. Gör. Dr.,Elif,ARSLAN,Çocuk Sağlığı ve Hastalıkları,,3694D06FFD84C826,,,,,,,,,,
Ankara,Arş. Gör. Dr.,Berivan,BİNGÖL,Çocuk Sağlığı ve Hastalıkları,,,,,,,,,,,,
Ankara,Arş. Gör. Dr.,Khaled,WARASNHE,Çocuk Sağlığı ve Hastalıkları,,644340520495555E,,,,,,,,,,
Ankara,Arş. Gör. Dr.,Khadija,AHMADOVA,Çocuk Sağlığı ve Hastalıkları,,,,,,,,,,,,
Ankara,Arş. Gör. Dr.,Oğuz,BAKIRCI,Çocuk Sağlığı ve Hastalıkları,,770309F1050FCBA7,,,,,,,,,,
Ankara,Arş. Gör. Dr.,Duygu,ADIBELLİ,Çocuk Sağlığı ve Hastalıkları,,,,,,,,,,,,
Ankara,Arş. Gör. Dr.,Utku,DÖNGER,Çocuk Sağlığı ve Hastalıkları,,9EE1F7C93261F397,,,,,,,,,,
Ankara,Arş. Gör. Dr.,Firuza,Nabili,Çocuk Sağlığı ve Hastalıkları,,9E24EFD79E5FB75B,,,,,,,,,,
Ankara,Arş. Gör. Dr.,Farida,AKBAROVA,Çocuk Sağlığı ve Hastalıkları,,9113D03D310A00AD,,,,,,,,,,
Ankara,Arş. Gör. Dr.,Lala,MAMMADOVA,Çocuk Sağlığı ve Hastalıkları,,9983F263E05A2118,,,,,,,,,,
Ankara,Arş. Gör. Dr.,M. Meraj Alam,SİDDİQUİ,Çocuk Sağlığı ve Hastalıkları,,6DD4A6F76F67C362,,,,,,,,,,
Ankara,Arş. Gör. Dr.,Chingiz,ALASGARLI,Çocuk Sağlığı ve Hastalıkları,,6A05BF4D5DA4F0E8,,,,,,,,,,
Ankara,Arş. Gör. Dr.,Emil,AKBAROV,Çocuk Sağlığı ve Hastalıkları,,,,,,,,,,,,
Ankara,Arş. Gör. Dr.,Ezgi,ÖKTENER ANUK,Çocuk Sağlığı ve Hastalıkları,,0F9CEFB4A8FB7B03,,,,,,,,,,
Ankara,Arş. Gör. Dr.,Nuriye,YARAR,Çocuk Sağlığı ve Hastalıkları,,0B3D1BC9BE2F3522,,,,,,,,,,
Ankara,Arş. Gör. Dr.,Meriç,ERGENE,Çocuk Sağlığı ve Hastalıkları,,3F4FC9CD5E46EEE6,,,,,,,,,,
Ankara,Arş. Gör. Dr.,Ruken,TEKDEMİR,Çocuk Sağlığı ve Hastalıkları,,,,,,,,,,,,
Ankara,Arş. Gör. Dr.,İlkin,HAJIYEV,Çocuk Sağlığı ve Hastalıkları,,B4D895F30D2EA3A9,,,,,,,,,,
Ankara,Arş. Gör. Dr.,Hazel Delal,DARA KAR,Çocuk Sağlığı ve Hastalıkları,,95F992319EBC0796,,,,,,,,,,
Ankara,Arş. Gör. Dr.,Alara,AKDENİZ,Çocuk Sağlığı ve Hastalıkları,,26CA97CF07B631AC,,,,,,,,,,
Ankara,Arş. Gör. Dr.,Yelena,MURADOVA,Çocuk Sağlığı ve Hastalıkları,,,,,,,,,,,,
Ankara,Arş. Gör. Dr.,Elif,ŞAHİN EROĞLU,Çocuk Sağlığı ve Hastalıkları,,46DBBEF058CAF64B,,,,,,,,,,
Ankara,Arş. Gör. Dr.,Karim,FATALOV,Çocuk Sağlığı ve Hastalıkları,,0EF1AA9839187354,,,,,,,,,,
Ankara,Prof. Dr.,Özlem,YILMAZ ÖZBEK,Çocuk Sağlığı ve Hastalıkları,Çocuk Allerjisi,F91685C6CAF092D8,,,,,35572299900,56690555400,57204811161,,,
Konya,Doç. Dr.,Bahar,GÖKTÜRK,Çocuk Sağlığı ve Hastalıkları,Çocuk Allerjisi,EB0456252536649D,,,0000-0001-8861-2615,,8595553000,,,,,
Ankara,Dr. Öğr. Üyesi Dr.,Burcu Tahire,KÖKSAL,Çocuk Sağlığı ve Hastalıkları,Çocuk Allerjisi,23642780BF7A5965,,,,,56417931700,54395411100,,,,
İzmir,Dr. Öğr. Üyesi Dr.,Özlem,SANCAKLI,Çocuk Sağlığı ve Hastalıkları,Çocuk Allerjisi,849486134643C540,,,0000-0003-2489-4021,,57193766241,,,,,
Adana,Doç. Dr.,Özlem,ARIDAŞIR SANGÜN,Çocuk Sağlığı ve Hastalıkları,Çocuk Endokrinolojisi,7975EE1103CD8B6A,,,0000-0002-9079-4574,,8436799100,57213769923,,,,
Adana,Uzm. Dr.,Özlem,KORKMAZ,Çocuk Sağlığı ve Hastalıkları,Çocuk Endokrinolojisi,,,,,,56461051000,,,,,
Ankara,Prof. Dr.,Figen,ÖZÇAY,Çocuk Sağlığı ve Hastalıkları,Çocuk Gastroenteroloji-Hepatoloji Ve Beslenme,DDEC295B676CDE76,,,0000-0002-5214-516X,,6603624228,,,,,figen-ozcay
Adana,Doç. Dr.,Mehmet Oğuz,CANAN,Çocuk Sağlığı ve Hastalıkları,Çocuk Gastroenteroloji-Hepatoloji Ve Beslenme,1279022893762D89,,,,,14018885200,57202418037,,,,
Ankara,Doç. Dr.,Oya,BALCI SEZER,Çocuk Sağlığı ve Hastalıkları,Çocuk Gastroenteroloji-Hepatoloji Ve Beslenme,D687F1785DD2E3C2,,,0000-0002-8402-8208,,55734453000,27367574000,57197611345,,,
Ankara,Prof. Dr.,Faik,SARIALİOĞLU,Çocuk Sağlığı ve Hastalıkları,Çocuk Hematoloji - Onkoloji,634B1F6D0D88D9B0,,,0000-0001-5705-5078,,6603843173,57200239874,,,,faik-sarıalıoglu
Adana,Prof. Dr.,Nalan,YAZICI,Çocuk Sağlığı ve Hastalıkları,Çocuk Hematoloji - Onkoloji,D9B704B67ED791E2,,,0000-0003-4465-8229,,9043973100,,,,,nalan-yazıcı
Ankara,Prof. Dr.,Lale,OLCAY,Çocuk Sağlığı ve Hastalıkları,Çocuk Hematoloji - Onkoloji,76D30347E22DE48C,,,0000-0002-5684-0581,,6701855080,,,,,
Ankara,Doç. Dr.,Fatma Burcu,BELEN,Çocuk Sağlığı ve Hastalıkları,Çocuk Hematoloji - Onkoloji,F6422268FAD4EC10,,,0000-0002-9278-6703,,19639800500,25644006400,57212741118,,,
Adana,Dr. Öğr. Üyesi Dr.(Doç.),Ayşe,ERBAY,Çocuk Sağlığı ve Hastalıkları,Çocuk Hematoloji - Onkoloji,F96C262C7C07E616,,,0000-0001-8882-4124,,56583922300,,,,,
Adana,Uzm. Dr.,Elif Habibe,AKTEKİN,Çocuk Sağlığı ve Hastalıkları,Çocuk Hematoloji - Onkoloji,,,,0000-0002-7650-7698,,55877489000,,,,,
İstanbul,Prof. Dr.,Canan,AYABAKAN,Çocuk Sağlığı ve Hastalıkları,Çocuk Kardiyoloji,E1AA4F16694A1486,,,0000-0001-7022-5932,,55953925300,6701602653,,,,
Ankara,Prof. Dr.,Niyazi Kürşad,TOKEL,Çocuk Sağlığı ve Hastalıkları,Çocuk Kardiyoloji,5BED2D4040467560,,,0000-0002-6759-1795,,8047827700,8915199700,57212108060,36891114000,,
Ankara,Prof. Dr.,Birgül,VARAN,Çocuk Sağlığı ve Hastalıkları,Çocuk Kardiyoloji,3DFEF5B841B83E66,,,0000-0002-6719-8563,,6701439595,,,,,birgul-varan
Ankara,Prof. Dr.,İlkay,ERDOĞAN,Çocuk Sağlığı ve Hastalıkları,Çocuk Kardiyoloji,FCE1B2986EDF9BFC,,,0000-0001-6887-3033,,6602190893,,,,,
Adana,Dr. Öğr. Üyesi Dr.,Alev,ARSLAN,Çocuk Sağlığı ve Hastalıkları,Çocuk Kardiyoloji,EBEB69BFD7F689AE,,,0000-0003-4444-0027,,56978813500,,,,,
Konya,Öğr. Gör. Dr.,Nimet,CINDIK,Çocuk Sağlığı ve Hastalıkları,Çocuk Kardiyoloji,31666BA31B34F325,,,0000-0001-8544-0125,,12040193500,,,,,
Konya,Öğr. Gör. Dr.,Mahmut,GÖKDEMİR,Çocuk Sağlığı ve Hastalıkları,Çocuk Kardiyoloji,F5B27227FDC0D5CD,N-4174-2014,,0000-0002-5676-2747,,55407925800,,,,,mahmut-gokdemir
Ankara,Arş. Gör. (Uzm.) Dr.,Utku,PAMUK,Çocuk Sağlığı ve Hastalıkları,Çocuk Kardiyoloji,DF776CCAE018F75E,,,0000-0001-7046-8571,,36543127400,57210461065,,,,
İzmir,Prof. Dr.,Onur,SAKALLIOĞLU,Çocuk Sağlığı ve Hastalıkları,Çocuk Nefroloji,C671A68170F985A7,,,0000-0002-5714-2064,,6505884506,,,,,
Adana,Prof. Dr.,Z. Aytül,NOYAN,Çocuk Sağlığı ve Hastalıkları,Çocuk Nefroloji,E6ACE7C28937DC6F,,,0000-0003-3500-9577,,7004225413,,,,,zekiye-aytul-noyan
Ankara,Prof. Dr.,Sıdıka Esra,BASKIN,Çocuk Sağlığı ve Hastalıkları,Çocuk Nefroloji,3D9906E906C56047,B-5785-2018,,0000-0003-4361-8508,,7006963644,,,,,sıdıka-esra-baskın
Ankara,Doç. Dr.,Aysun,ÇALTIK YILMAZ,Çocuk Sağlığı ve Hastalıkları,Çocuk Nefroloji,,,,0000-0003-0774-4419,,10642261600,55932473800,56177478800,56678914000,,
Ankara,Doç. Dr.,Kaan Savaş,GÜLLEROĞLU,Çocuk Sağlığı ve Hastalıkları,Çocuk Nefroloji,2CE50954093CF554,,,0000-0003-1434-3824,,11939700000,,,,,kaan-savas-gulleroglu
İstanbul,Uzm. Dr.,Atilla,GEMİCİ,Çocuk Sağlığı ve Hastalıkları,Çocuk Nefroloji,,,,0000-0002-9563-6647,,56414801700,,,,,
Adana,Uzm. Dr.,Gönül,PARMAKSIZ,Çocuk Sağlığı ve Hastalıkları,Çocuk Nefroloji,,,,0000-0003-2373-1837,,6507644131,,,,,
Adana,Prof. Dr.,İlknur,EROL,Çocuk Sağlığı ve Hastalıkları,Çocuk Nöroloji,A4130045881E4598,,,,,12807279200,,,,,ilknur-erol
Ankara,Doç. Dr.,Taner,SEZER,Çocuk Sağlığı ve Hastalıkları,Çocuk Nöroloji,31B2715999A89B11,,,,,14422909000,,,,,taner-sezer
Adana,Doç. Dr.,Semra,SAYGI,Çocuk Sağlığı ve Hastalıkları,Çocuk Nöroloji,2BC3446674E3F9DE,,,,,13104954600,,,,,semra-saygı
Adana,Uzm. Dr.,Şeyda,BEŞEN,Çocuk Sağlığı ve Hastalıkları,Çocuk Nöroloji,,,,0000-0002-6276-8133,,56652153100,,,,,
İstanbul,Prof. Dr.,Ali Haydar,TURHAN,Çocuk Sağlığı ve Hastalıkları,Yenidoğan,20F6DC7BCE4883EE,,,0000-0003-4018-1179,,8374826200,,,,,
Ankara,Prof. Dr.,Ayşe Nur,ECEVİT,Çocuk Sağlığı ve Hastalıkları,Yenidoğan,364EA201E502F2BB,,,0000-0002-2232-8117,,39862803300,,,,,ayse-nur-ecevit
Adana,Prof. Dr.,Hande,GÜLCAN,Çocuk Sağlığı ve Hastalıkları,Yenidoğan,2DE761A3D47B6281,,,0000-0001-5451-4240,,55949619900,6602908777,,,,
Ankara,Doç. Dr.,Deniz,ANUK İNCE,Çocuk Sağlığı ve Hastalıkları,Yenidoğan,AECBD03E70F98736,,,0000-0002-4369-2110,,35279840100,55532846200,15043820000,84949479324,,deniz-anuk-ince
Konya,Doç. Dr.,Zeynel,GÖKMEN,Çocuk Sağlığı ve Hastalıkları,Yenidoğan,3E47E4E019A2A8E4,,,0000-0002-2746-0547,,8312716200,,,,,
Ankara,Dr. Öğr. Üyesi Dr.(Doç.),Özden,TURAN,Çocuk Sağlığı ve Hastalıkları,Yenidoğan,B9CE8F19FC77305B,,,0000-0002-0611-117X,,7003600348,57197275075,,,,
Adana,Dr. Öğr. Üyesi Dr.(Doç.),Birgin,TÖRER,Çocuk Sağlığı ve Hastalıkları,Yenidoğan,5A72F520EC3E07E5,,,0000-0002-5505-8707,,22952394000,,,,,
Adana,Öğr. Gör. Dr.(Doç.),Bilin,ÇETİNKAYA ÇAKMAK,Çocuk Sağlığı ve Hastalıkları,Yenidoğan,D774C429263AED4D,,,0000-0003-0866-7339,,7006471256,39860951800,57197491764,57213587921,,
Ankara,Uzm. Dr.,Meltem,AKSU,Çocuk Sağlığı ve Hastalıkları,Yenidoğan,,,,,,57189693647,,,,,
Konya,Uzm. Dr.,Musa,SİLAHLI,Çocuk Sağlığı ve Hastalıkları,Yenidoğan,,,,0000-0003-0944-7178,,16417924200,,,,,
Ankara,Doç. Dr.,Burcu,AKIN SARI,Çocuk ve Ergen Ruh Sağlığı Hastalıkları,,AC7596F6525C97F8,A-7296-2013,,0000-0002-9730-7206,,23134646000,,,,,burcu-akın-sarı
Adana,Dr. Öğr. Üyesi Dr.(Doç.),Meryem Özlem,KÜTÜK,Çocuk ve Ergen Ruh Sağlığı Hastalıkları,,BB2622C82EAB05FF,,,0000-0002-2918-7871,,36246352500,23995499200,,,,
Ankara,Dr. Öğr. Üyesi Dr.,Hande,AYRALER TANER,Çocuk ve Ergen Ruh Sağlığı Hastalıkları,,0F1ABEA6AD8DC593,,,0000-0003-2106-7928,,56520245900,56516882800,,,,
İzmir,Uzm. Dr.,Ali,BACANLI,Çocuk ve Ergen Ruh Sağlığı Hastalıkları,,,,,0000-0002-7264-1216,,57191075495,,,,,
Ankara,Prof. Dr.,Ayşe Tülin,GÜLEÇ,Dermatoloji,,A126DEEE40764162,,,0000-0003-0876-5561,,6701563394,6507491232,,,,
Ankara,Prof. Dr.,Deniz,SEÇKİN,Dermatoloji,,2C86F31E28D6B1E9,,,0000-0003-1913-9734,,6701530984,,,,,deniz-seckin
Adana,Prof. Dr.,Murat,DURDU,Dermatoloji,,221DEF40A351AE99,H-9068-2019,,0000-0003-1247-3932,,6506034975,,,,,murat-durdu
Ankara,Doç. Dr.,Nesibe Deren,ÖZCAN,Dermatoloji,,4EF1D0644DB3178E,,,0000-0002-7450-6886,,8612166700,55807922700,,,,nesibe-deren-ozcan
Alanya,Dr. Öğr. Üyesi Dr.,Çiçek,DURUSOY,Dermatoloji,,909807146E70D233,,,,,8582768100,,,,,
Ankara,Öğr. Gör. Dr.,Arzu,KARATAŞ,Dermatoloji,,207FB68B224F166C,,,0000-0002-6453-9799,,56235915200,55966444600,55700225400,,,
Ankara,Öğr. Gör. Dr.,Ayşe,TUNÇER VURAL,Dermatoloji,,2C63712DB8F3DBEA,,,0000-0001-8770-5721,,57203874054,,,,,
İzmir,Uzm. Dr. (Doç.),Hamdi,ÖZCAN,Dermatoloji,,,,,0000-0002-9017-0358,,7004464167,57196789814,,,,
Konya,Uzm. Dr.,Gülay,ÖZEL,Dermatoloji,,,,,,,,,,,,
Ankara,Uzm. Dr.,Mehtap,BOZKIR,Dermatoloji,,,,,,,24490539000,,,,,
Alanya,Uzm. Dr.,Cevdet,DOĞAN,Dermatoloji,,,,,,,,,,,,
Ankara,Uzm. Dr.,Cemile Tuğba,ALTUNEL,Dermatoloji,,,,,,,56297153800,,,,,
İzmir,Uzm. Dr.,Şeniz,DÖKMECİ,Dermatoloji,,,,,,,,,,,,
Adana,Uzm. Dr.,Ali Haydar,ESKİOCAK,Dermatoloji,,,,,,,57191838038,,,,,
Adana,Uzm. Dr.,Aydolu,ERYILMAZ,Dermatoloji,,,,,,,16635579600,,,,,
Ankara,Arş. Gör. Dr.,Seçil,YİGEN,Dermatoloji,,7490D571BED6CF17,,,,,,,,,,
Konya,Prof. Dr.,Hale,TURAN ÖZDEN,Enfeksiyon Hastalıkları ve Klinik Mikrobiyoloji,,57B23D2DECAC33C4,,,0000-0003-1359-6205,,8651321300,,,,,
Ankara,Prof. Dr.,Ayşe Hande,ARSLAN,Enfeksiyon Hastalıkları ve Klinik Mikrobiyoloji,,9395BAEFC9A8B634,,,0000-0002-5708-7915,,9133305000,56489973200,,,,ayse-hande-arslan
Ankara,Prof. Dr.,Özlem,AZAP,Enfeksiyon Hastalıkları ve Klinik Mikrobiyoloji,,FB931E7D241FDF06,,,0000-0002-3171-8926,,35567620500,57211664716,,,,ozlem-azap
Adana,Doç. Dr.,Yusuf Ziya,DEMİROĞLU,Enfeksiyon Hastalıkları ve Klinik Mikrobiyoloji,,86121DCD99C2DFD1,,,0000-0002-9866-2197,,8507176100,,,,,yusuf-ziya-demiroglu
Adana,Doç. Dr.,Ebru,ORUÇ KURŞUN,Enfeksiyon Hastalıkları ve Klinik Mikrobiyoloji,,2722E7A214CC4B82,,,,,55356654900,,,,,ebru-oruc-kursun
İstanbul,Öğr. Gör. Dr.,Melike Hamiyet,DEMİRKAYA,Enfeksiyon Hastalıkları ve Klinik Mikrobiyoloji,,A22E1676A9412DAC,,,0000-0002-4767-1536,,57201268744,55844875900,,,,
Ankara,Uzm. Dr.,Çiğdem,EROL,Enfeksiyon Hastalıkları ve Klinik Mikrobiyoloji,,,,,,,56386999200,,,,,
İstanbul,Uzm. Dr.,Yasemin,ŞAHİN,Enfeksiyon Hastalıkları ve Klinik Mikrobiyoloji,,,,,,,,,,,,
İzmir,Uzm. Dr.,Rıza,HAŞİMOĞLU,Enfeksiyon Hastalıkları ve Klinik Mikrobiyoloji,,,,,,,,,,,,
Ankara,Uzm. Dr.,Tuğba,YANIK YALÇIN,Enfeksiyon Hastalıkları ve Klinik Mikrobiyoloji,,,,,0000-0001-5996-8639,,57189712373,,,,,
Ankara,Uzm. Dr.,Nuran,SARI,Enfeksiyon Hastalıkları ve Klinik Mikrobiyoloji,,,,,0000-0002-3165-4520,,26645229200,57208497422,,,,
Alanya,Uzm. Dr.,Kutsal Evren,LÖKER,Enfeksiyon Hastalıkları ve Klinik Mikrobiyoloji,,,,,,,,,,,,
Adana,Prof. Dr.,Mehmet,ADAM,Fiziksel Tıp ve Rehabilitasyon,,65CAA63AC2209A99,,,0000-0002-9965-7939,,23092794800,,,,,mehmet-adam
Ankara,Prof. Dr.,Şehri,KILINÇ AYAŞ,Fiziksel Tıp ve Rehabilitasyon,,68986BCB829F305D,,,0000-0002-5078-6529,,15070600200,,,,,sehri-ayas
Adana,Prof. Dr.,Ümmühan Berrin,LEBLEBİCİ,Fiziksel Tıp ve Rehabilitasyon,,493449F72A8E8B84,,,,,55318743200,,,,,ummuhan-berrin-leblebici
Ankara,Prof. Dr.,Seyhan,SÖZAY,Fiziksel Tıp ve Rehabilitasyon,,ECC48FAA1659F1C0,,,0000-0002-8460-7699,,6603219354,,,,,
Ankara,Prof. Dr.,Nuri,ÇETİN,Fiziksel Tıp ve Rehabilitasyon,,966C7D7917AE2C7E,,,0000-0002-9950-8917,,10438953500,55855508500,,,,nuri-cetin
Ankara,Doç. Dr.,Sevgi,İKBALİ AFŞAR,Fiziksel Tıp ve Rehabilitasyon,,9530AF576037E5D0,,,0000-0002-4003-3646,,55758320600,57189697879,,,,
Ankara,Doç. Dr.,Oya,ÜMİT YEMİŞCİ,Fiziksel Tıp ve Rehabilitasyon,,39294652D32E6C46,,,0000-0002-0501-5127,,22956687800,51666194900,,,,oya-umit-yemisci
Ankara,Doç. Dr.,Sacide Nur,COŞAR SARAÇGİL,Fiziksel Tıp ve Rehabilitasyon,,5F382AF0D4776968,,,0000-0001-8306-463X,,28167841100,35751888000,57203749331,55634908100,42161992200,sacide-nur-cosar
İstanbul,Doç. Dr.,Pınar,DORUK ANALAN,Fiziksel Tıp ve Rehabilitasyon,,22F5A39EBE6A4479,,,0000-0002-3528-3712,,56928432500,,,,,pinar-doruk-analan
İzmir,Öğr. Gör. Dr.,Gözde,ÖZCAN SÖYLEV,Fiziksel Tıp ve Rehabilitasyon,,D46D03083518D99E,,,0000-0001-8742-5543,,57209173671,,,,,
Ankara,Öğr. Gör. Dr.,Hüma,BÖLÜK,Fiziksel Tıp ve Rehabilitasyon,,,,,0000-0001-6771-3265,,56565581900,,,,,
İzmir,Uzm. Dr. (Prof. Dr.),Ece,KAPTANOĞLU,Fiziksel Tıp ve Rehabilitasyon,,,,,0000-0001-8580-3635,,54890576200,7003545908,,,,
Konya,Uzm. Dr.,Ayşe Nur,TEKİN,Fiziksel Tıp ve Rehabilitasyon,,,,,,,,,,,,
Ankara,Uzm. Dr.,Selin,ÖZEN,Fiziksel Tıp ve Rehabilitasyon,,,,,0000-0002-7290-8558,,56102089900,,,,,
Konya,Uzm. Dr.,Şenay,KARTAL,Fiziksel Tıp ve Rehabilitasyon,,,,,,,35074285900,,,,,
Ankara,Uzm. Dr.,Şükran,GÜZEL,Fiziksel Tıp ve Rehabilitasyon,,,,,0000-0001-9852-0917,,57200881678,,,,,
Alanya,Uzm. Dr.,Özlem,AKAN,Fiziksel Tıp ve Rehabilitasyon,,,,,,,56581630200,,,,,
Ankara,Arş. Gör. Dr.,Nurlana,AKHUNDOVA ŞAHİNLİ,Fiziksel Tıp ve Rehabilitasyon,,2448EEFC4569A0EA,,,,,,,,,,
Ankara,Arş. Gör. Dr.,Doğan Can,ATAKAN,Fiziksel Tıp ve Rehabilitasyon,,CA51843B8E77B0B9,,,,,,,,,,
Ankara,Prof. Dr.,Müşerref Şule,AKÇAY,Göğüs Hastalıkları,,36B964122DEFF51D,,,0000-0002-8360-6459,0000-0001-7900-1353,55890626500,6603033383,7005771939,,,
Adana,Prof. Dr.,Nazan,ŞEN,Göğüs Hastalıkları,,A5093F4C3F8A1964,,,,,23013672600,,,,,
Ankara,Prof. Dr.,Ayşegül Füsun,ÖNER EYÜBOĞLU,Göğüs Hastalıkları,,A156CAA9894C9628,,,0000-0002-1137-7108,,6507816245,6507847981,6507875879,6506666008,,aysegul-fusun-eyuboglu
Ankara,Prof. Dr.,Şerife,SAVAŞ BOZBAŞ,Göğüs Hastalıkları,,8EE071D793C62ECB,,,0000-0002-7230-202X,,26530834800,16319532200,,,,serife-savas-bozbas
Ankara,Prof. Dr.,Gaye,ULUBAY,Göğüs Hastalıkları,,EC69C61E03A05272,,,0000-0003-2478-9985,,55886689000,12786783600,,,,gaye-ulubay
Ankara,Prof. Dr.,Ayşe Elif,KÜPELİ,Göğüs Hastalıkları,,43634BA56249F0DC,,,,,23389644800,,,,,ayse-elif-kupeli
İstanbul,Doç. Dr.,Dilaver,TAŞ,Göğüs Hastalıkları,,6ECA0CC83D939294,,,0000-0003-2785-2492,,23036998000,,,,,
İstanbul,Doç. Dr.,Aylin,ÖZSANCAK UĞURLU,Göğüs Hastalıkları,,AA5A4C1810D0AB30,,,0000-0003-3598-3986,,56262265400,,,,,aylin-ozsancak-ugurlu
Adana,Doç. Dr.,Mehmet Ali,HABEŞOĞLU,Göğüs Hastalıkları,,0D995FC50C2326AA,,,0000-0001-9136-355X,,57191287114,,,,,
Adana,Dr. Öğr. Üyesi Dr.,Sibel,KARA,Göğüs Hastalıkları,,BB737DEB82F28D98,,,,,57201275465,55180762100,,,,
Ankara,Dr. Öğr. Üyesi Dr.,Dorina,ESENDAĞLI,Göğüs Hastalıkları,,DECA051D91E4F99F,,,0000-0002-6619-2952,,57192201601,56010128300,,,,
Adana,Öğr. Gör. Dr.,Zühal,EKİCİ ÜNSAL,Göğüs Hastalıkları,,99FD2D3A7968A2E0,,,0000-0003-3225-2686,,25951319200,57210716193,,,,
Ankara,Uzm. Dr.,Gülbahar,DARILMAZ YÜCE,Göğüs Hastalıkları,,,,,,,23033803100,,,,,
İzmir,Uzm. Dr.,Merda,ERDEMİR IŞIK,Göğüs Hastalıkları,,,,,0000-0003-0470-1691,,56184338000,,,,,
Alanya,Uzm. Dr.,Ali  Rıza,MERAL,Göğüs Hastalıkları,,,,,,,57189606838,,,,,
Konya,Uzm. Dr.,Şerife,TORUN,Göğüs Hastalıkları,,,,,,,55552955300,,,,,
Alanya,Uzm. Dr.,Ebru,KABACAOĞLU,Göğüs Hastalıkları,,,,,,,,,,,,
İzmir,Uzm. Dr.,Birsen,ŞAHİN SATILMIŞ,Göğüs Hastalıkları,,,,,0000-0002-9521-5914,,56080428500,,,,,
Ankara,Prof. Dr.,Ayşe Nurdagül,AKIN,Halk Sağlığı,,CC2025D011C5778E,,,0000-0003-2379-3325,,36884153100,7006429007,,,,
Ankara,Prof. Dr.,Recep,AKDUR,Halk Sağlığı,,EF19976B3BB83B37,,,0000-0002-9766-1117,,23983998200,,,,,
Ankara,Prof. Dr.,Hediye Seval,AKGÜN,Halk Sağlığı,,C6C5400625B059EA,,,0000-0001-6104-7636,,7003947135,7003587990,,,,
Ankara,Prof. Dr.,Rengin,ERDAL,Halk Sağlığı,,15F704C2CCD2BF14,,,0000-0002-7329-7576,,6603569442,,,,,rengin-erdal
Ankara,Dr. Öğr. Üyesi Dr.,Cihangir,ÖZCAN,Halk Sağlığı,,8571548D754A30A1,,,0000-0001-7220-7244,,19640621500,55238899700,,,,
Ankara,Dr. Öğr. Üyesi Dr.,Sare,MIHCIOKUR,Halk Sağlığı,,A8B44F69718464B6,,,0000-0001-7660-8790,,55324211100,,,,,
Ankara,Dr. Öğr. Üyesi Dr.,Elif,DURUKAN,Halk Sağlığı,,360203EAB47BEA1D,,,0000-0002-8579-5564,,15020210800,,,,,elif-durukan
Ankara,Öğr. Gör. Dr.,Ümmühan Nihal,BİLGİLİ AYKUT,Halk Sağlığı,,8E34DDF43227ADD9,,,0000-0003-4966-2112,,35619450800,,,,,
Ankara,Arş. Gör. Dr.,Öykü Su,TULUMTAŞ,Halk Sağlığı,,,,,,,,,,,,
Ankara,Arş. Gör. Dr.,Çağlar,FİDAN,Halk Sağlığı,,AA464D7F9526C3A7,,,,,,,,,,
Ankara,Arş. Gör. Dr.,Ecenur,TOPAL,Halk Sağlığı,,611460F5B1213C07,,,,,,,,,,
Ankara,Arş. Gör. Dr.,Hüseyin,ÖRÜN,Halk Sağlığı,,,,,,,,,,,,
Ankara,Öğr. Gör.,Ezgi,TÜRKÇELİK,Halk Sağlığı,,74A529C724A79508,,,,,57206698854,,,,,
Konya,Öğr. Gör. Dr.,Nesrin,DOĞAN DEDE,İç Hastalıkları,,963B48076DE2EEED,,,,,,,,,,
Alanya,Uzm. Dr.,Mehmet Fatih,DEMİRCİ,İç Hastalıkları,,,,,,,57198197801,,,,,
İstanbul,Uzm. Dr.,Ergün,ŞİMŞEK,İç Hastalıkları,,,,,,,57104820400,,,,,
Adana,Uzm. Dr.,Ayşenur,UÇAR,İç Hastalıkları,,,,,,,55611918900,,,,,
Adana,Uzm. Dr.,Hatice,ÇALIŞOĞLU DEĞİŞMEZ,İç Hastalıkları,,,,,,,,,,,,
Alanya,Uzm. Dr.,Mehmet Emin,ÇAPAK,İç Hastalıkları,,,,,,,23026789200,,,,,
Ankara,Uzm. Dr.,Nurcahan,MUSAYEVA,İç Hastalıkları,,,,,,,,,,,,
İzmir,Uzm. Dr.,Özkan,DÜZÇEKER,İç Hastalıkları,,,,,,,57191477763,,,,,
Konya,Uzm. Dr.,Sedat,YÜKSEL,İç Hastalıkları,,,,,,,,,,,,
İzmir,Uzm. Dr.,Mustafa Aydın,DİNÇER,İç Hastalıkları,,,,,,,,,,,,
İzmir,Uzm. Dr.,Cem,CANKURTARAN,İç Hastalıkları,,,,,,,85007394314,,,,,
Adana,Uzm. Dr.,Sevgi,AYDOĞDUOĞLU,İç Hastalıkları,,,,,,,,,,,,
İstanbul,Uzm. Dr.,Ayla,ÇATAN,İç Hastalıkları,,,,,,,,,,,,
Ankara,Arş. Gör. Dr.,Kübra,YILDIZ CÖMERT,İç Hastalıkları,,A3F7A6C2F33757BA,,,,,,,,,,
Ankara,Arş. Gör. Dr.,Mesut Buğra,HATİPOĞLU,İç Hastalıkları,,,,,,,,,,,,
Ankara,Arş. Gör. Dr.,Pırıl,BÜYÜKAŞIK,İç Hastalıkları,,2601F3C8DFDA202B,,,,,,,,,,
Ankara,Arş. Gör. Dr.,Yaşar Ozan,SARAÇOĞLU,İç Hastalıkları,,199F1B590A84987E,,,,,,,,,,
Ankara,Arş. Gör. Dr.,Melikcan,ŞAHİN,İç Hastalıkları,,F0972DCDE7A95C9C,,,,,,,,,,
Ankara,Arş. Gör. Dr.,Zumrud,MEHTİ,İç Hastalıkları,,22C80F051E25C790,,,,,,,,,,
Ankara,Arş. Gör. Dr.,Özgün,ÇİÇEK,İç Hastalıkları,,,,,,,,,,,,
Ankara,Arş. Gör. Dr.,Tülin,IŞIK,İç Hastalıkları,,,,,,,,,,,,
Ankara,Arş. Gör. Dr.,Mıhuna,IBRAHIM,İç Hastalıkları,,,,,,,,,,,,
Ankara,Arş. Gör. Dr.,Aydan,FARZALIYEVA,İç Hastalıkları,,BF5E162D6F02BDEF,,,,,,,,,,
Ankara,Arş. Gör. Dr.,Korhan,TEK,İç Hastalıkları,,288F8F7155AF1AF7,,,,,,,,,,
Ankara,Arş. Gör. Dr.,İrem,KURT,İç Hastalıkları,,,,,,,,,,,,
Ankara,Arş. Gör. Dr.,Matin,ISKANDAROV,İç Hastalıkları,,,,,,,,,,,,
Ankara,Arş. Gör. Dr.,Cemre,GÜNDÜZ,İç Hastalıkları,,0C660F972FB25008,,,0000-0002-7095-0197,,,,,,,
Ankara,Arş. Gör. Dr.,Cemile Cansu,ALPEREN,İç Hastalıkları,,9C0BEE4606F8CA5F,,,,,,,,,,
Ankara,Arş. Gör. Dr.,Masud,YUSİFOV,İç Hastalıkları,,CBB4030B40339C16,,,,,,,,,,
Ankara,Arş. Gör. Dr.,Serhat,OK,İç Hastalıkları,,,,,,,,,,,,
Ankara,Prof. Dr.,Neslihan,BAŞÇIL TÜTÜNCÜ,İç Hastalıkları,Endokrinoloji ve Metabolizma,87D2C0F99F64F9E3,,,0000-0002-1816-3903,,6506456002,,,,,neslihan-bascıl-tutuncu
Ankara,Prof. Dr.,Aslı,NAR,İç Hastalıkları,Endokrinoloji ve Metabolizma,5A6E9A137B38E6D2,,,0000-0003-0998-8388,,6506560577,,,,,aslı-nar
Adana,Prof. Dr.,Melek Eda,ERTÖRER,İç Hastalıkları,Endokrinoloji ve Metabolizma,30194385EB9E81C9,,,0000-0001-7357-8709,,6507159846,,,,,melek-eda-ertorer
Ankara,Doç. Dr.,Özlem,TURHAN İYİDİR,İç Hastalıkları,Endokrinoloji ve Metabolizma,4F8D5BE58B67FD58,,,0000-0001-5305-6807,0000-0002-5717-4402,18038717100,,,,,
Adana,Doç. Dr.,Okan Sefa,BAKINER,İç Hastalıkları,Endokrinoloji ve Metabolizma,3CCF2F00085A7036,,,0000-0001-9038-8376,0000-0003-3166-5032,14631669100,,,,,okan-sefa-bakıner
Ankara,Dr. Öğr. Üyesi Dr.,Yusuf,BOZKUŞ,İç Hastalıkları,Endokrinoloji ve Metabolizma,5E54532069C178B1,,,0000-0002-6976-6659,,15061081500,,,,,
Adana,Dr. Öğr. Üyesi Dr.,Gülay,ŞİMŞEK BAĞIR,İç Hastalıkları,Endokrinoloji ve Metabolizma,153FE29A11424A99,,,0000-0001-5747-407X,,,,,,,
Adana,Öğr. Gör. Dr.(Doç.),Filiz,EKŞİ HAYDARDEDEOĞLU,İç Hastalıkları,Endokrinoloji ve Metabolizma,C16587011AA33921,,,0000-0002-0179-9673,,55879039500,,,,,
İstanbul,Uzm. Dr. (Doç.),Şule,TEMİZKAN,İç Hastalıkları,Endokrinoloji ve Metabolizma,,P-3632-2016,,0000-0002-0450-755X,,36644952300,,,,,
İstanbul,Uzm. Dr. (Doç.),Başak,KARBEK BAYRAKTAR,İç Hastalıkları,Endokrinoloji ve Metabolizma,,,,0000-0003-1498-9924,,26767777200,56313623600,,,,
Ankara,Uzm. Dr.,Nazlı,GÜLSOY KIRNAP,İç Hastalıkları,Endokrinoloji ve Metabolizma,,,,0000-0001-7103-9963,,54580899900,,,,,
İzmir,Uzm. Dr.,Gökçen,ÜNAL KOCABAŞ,İç Hastalıkları,Endokrinoloji ve Metabolizma,,,,0000-0002-1849-3179,,57189902539,,,,,
Ankara,Arş. Gör. (Uzm.) Dr.,Feride Pınar,ALTAY,İç Hastalıkları,Endokrinoloji ve Metabolizma,0DFF72B0CF2C5903,,,0000-0002-6790-3031,,,,,,,
Konya,Prof. Dr.,Hüseyin Savaş,GÖKTÜRK,İç Hastalıkları,Gastroenteroloji,B27AA988AF8BE1E7,,,0000-0003-2904-0471,,16028620600,,,,,
Ankara,Prof. Dr.,Fatih,HİLMİOĞLU,İç Hastalıkları,Gastroenteroloji,2711624F5DD21E35,,,,,6603865122,,,,,
Adana,Prof. Dr.,Ender,SERİN,İç Hastalıkları,Gastroenteroloji,B07E1010D9FB1C6A,,,0000-0002-0138-6107,,7004054394,,,,,ender-serin
Ankara,Prof. Dr.,Ahmet Sedat,BOYACIOĞLU,İç Hastalıkları,Gastroenteroloji,3931083AA13D45D9,,,0000-0002-9370-1126,,7005916661,56624572500,,,,ahmet-sedat-boyacioglu
İstanbul,Prof. Dr.,Nurten,SAVAŞ,İç Hastalıkları,Gastroenteroloji,DAE245CF166927A1,,,0000-0003-4278-992X,,14032244900,16201908000,,,,
Adana,Prof. Dr.,Birol,ÖZER,İç Hastalıkları,Gastroenteroloji,AAF5070EC32A3B04,,,0000-0001-8154-5229,,35796175800,7004087926,,,,
Ankara,Prof. Dr.,Ülkü,DAĞLI,İç Hastalıkları,Gastroenteroloji,F465BB93D5B6745F,S-4068-2018,,0000-0003-0664-0976,,7003704948,,,,,ulku-dagli
Ankara,Prof. Dr.,Haldun,SELÇUK,İç Hastalıkları,Gastroenteroloji,358B6638C57F9334,,,0000-0002-8445-6413,,11540741600,,,,,haldun-selcuk
Konya,Doç. Dr.,Gülhan,KANAT ÜNLER,İç Hastalıkları,Gastroenteroloji,2FB3FE00187FADA7,,,0000-0003-0182-002X,,22939340600,54782800500,,,,
Ankara,Dr. Öğr. Üyesi Dr.(Doç.),Nuretdin,SUNA,İç Hastalıkları,Gastroenteroloji,01A86174E42C1CD5,,,0000-0001-6234-7788,,55470558900,,,,,
İzmir,Dr. Öğr. Üyesi Dr.,Arzu,ÇELEBİ KOBAK,İç Hastalıkları,Gastroenteroloji,E730CD288382ADA0,,,,,55663050200,,,,,
Adana,Öğr. Gör. Dr.,Filiz,ARAZ,İç Hastalıkları,Gastroenteroloji,E87144C16EF1BA81,,,,,23396128300,,,,,
Adana,Öğr. Gör. Dr.,Barış,SOYDAŞ,İç Hastalıkları,Gastroenteroloji,6C050863860A8E29,,,0000-0002-9558-690X,,8530556400,,,,,
Alanya,Uzm. Dr.,Mustafa,ERBAYRAK,İç Hastalıkları,Gastroenteroloji,,,,,,6508177187,,,,,
Ankara,Uzm. Dr.,Diğdem,ÖZER ETİK,İç Hastalıkları,Gastroenteroloji,,,,0000-0002-4724-0728,,45661509200,,,,,
Ankara,Doç. Dr.,Ali Kemal,OĞUZ,İç Hastalıkları,Genel Dahiliye,DD4DA99688A4A0BA,,,0000-0002-3939-2924,,57214422164,57164735500,,,,
Ankara,Prof. Dr.,Hüseyin,DORUK,İç Hastalıkları,Geriatri,300BAC237606EE1A,,,0000-0003-3534-2628,,6602259321,,,,,
Adana,Prof. Dr.,Hakan,ÖZDOĞU,İç Hastalıkları,Hematoloji,16113A3502A0F320,,,0000-0002-8902-1283,,55886203800,,,,,hakan-ozdogu
Adana,Prof. Dr.,Can,BOĞA,İç Hastalıkları,Hematoloji,BDF1D36A89DA0226,,,0000-0002-9680-1958,,56187700100,9636735500,57213080744,,,can-boga
Ankara,Prof. Dr.,Sema,KARAKUŞ,İç Hastalıkları,Hematoloji,6296F048D32959F5,W-9092-2019,,0000-0001-7615-4581,,6701878124,,,,,sema-karakus
İzmir,Doç. Dr.,Ali,KUTLUCAN,İç Hastalıkları,Hematoloji,B98022A80B2DF2F9,,,,,15765418700,57209302741,,,,
Adana,Doç. Dr.,Mahmut,YERAL,İç Hastalıkları,Hematoloji,4721D6F956115C6A,,,0000-0002-9580-628X,,16044086000,,,,,mahmut-yeral
Ankara,Doç. Dr.,Ebru,KOCA,İç Hastalıkları,Hematoloji,DF14BE53FECF777F,W-8713-2019,,0000-0002-7566-4456,,11338973300,57213722715,,,,
Adana,Dr. Öğr. Üyesi Dr.(Doç.),Nurhilal,BÜYÜKKURT,İç Hastalıkları,Hematoloji,6A5E81782B1B929E,,,0000-0002-0895-4787,,56196772400,14832003200,56293250700,,,
İstanbul,Dr. Öğr. Üyesi Dr.(Doç.),Figen,ATALAY,İç Hastalıkları,Hematoloji,F8B24D743507F7DC,,,0000-0003-4384-2913,,57200995771,,,,,
Adana,Dr. Öğr. Üyesi Dr.,Mutlu,KASAR,İç Hastalıkları,Hematoloji,186EB5EC5E116E8D,,,0000-0003-3856-7005,,26642113500,,,,,mutlu-kasar
Ankara,Öğr. Gör. Dr.,Deniz,ARICA,İç Hastalıkları,Hematoloji,76A0B7EE30F42533,,,0000-0001-8076-1704,,,,,,,
Ankara,Uzm. Dr. (Prof. Dr.),Şahika Zeynep,AKİ,İç Hastalıkları,Hematoloji,,,,0000-0002-3068-5085,,22955512800,56198122900,35739736500,57212771277,57212771274,
Adana,Uzm. Dr.,Cem,KİS,İç Hastalıkları,Hematoloji,,,,0000-0001-7423-7180,,24484847800,,,,,
Adana,Uzm. Dr.,Pelin,YILDIRIM AYTAN,İç Hastalıkları,Hematoloji,,,,,,,,,,,
Ankara,Prof. Dr.,Uğur Hacı,MUŞABAK,İç Hastalıkları,İmmünoloji ve Alerji,3F8FFEFCC0B7BC45,,,0000-0003-1511-7634,,6507293910,55872213000,,,,
Ankara,Uzm. Dr.,Tuba,ERDOĞAN,İç Hastalıkları,İmmünoloji ve Alerji,,,,0000-0002-3143-2442,,56982697800,,,,,
Ankara,Prof. Dr.,Turan,ÇOLAK,İç Hastalıkları,Nefroloji,411988C69D622536,,,0000-0002-8372-7840,,7006398780,,,,,turan-colak
Adana,Prof. Dr.,Hasan,MİCOZKADIOĞLU,İç Hastalıkları,Nefroloji,F8FB0CAA236429AD,,,0000-0001-5142-5672,,56047123300,57210633589,6603645169,,,
Ankara,Prof. Dr.,Fatma Nurhan,ÖZDEMİR ACAR,İç Hastalıkları,Nefroloji,B76341D57A01273E,,,0000-0002-5682-0943,,35595873600,56841277700,,,,fatma-nurhan-ozdemir-acar
İstanbul,Prof. Dr.,Eyyüp,KÜLAH,İç Hastalıkları,Nefroloji,D37E556737870B7C,,,0000-0001-6041-4254,,6507175117,,,,,
Adana,Prof. Dr.,Dilek,TORUN,İç Hastalıkları,Nefroloji,3727244795B3224F,,,0000-0002-6267-3695,,8724542800,,,,,dilek-torun
Alanya,Prof. Dr.,Gültekin,GENÇTOY,İç Hastalıkları,Nefroloji,3A636CCA680F7646,,,0000-0002-0602-9205,,8582763600,,,,,gultekin-genctoy
Adana,Doç. Dr.,Rüya,ÖZELSANCAK,İç Hastalıkları,Nefroloji,5F9E442BFC421420,,,0000-0002-0788-8319,,16310722900,,,,,ruya-ozelsancak
Ankara,Doç. Dr.,Cihat Burak,SAYIN,İç Hastalıkları,Nefroloji,AA8EFC362DA2A7EB,,,,,23482501600,56668579600,,,,
Konya,Dr. Öğr. Üyesi Dr.(Doç.),Öznur,KAL,İç Hastalıkları,Nefroloji,9777737C9064B535,,,0000-0002-7751-4961,,55649883800,,,,,
Adana,Dr. Öğr. Üyesi Dr.,Nihan,TEKKARIŞMAZ,İç Hastalıkları,Nefroloji,DBD339F3A6E0D027,,,0000-0001-7631-7395,,57193457479,,,,,
Ankara,Uzm. Dr.,Didem,TURGUT,İç Hastalıkları,Nefroloji,,,,,,35119745700,,,,,
İzmir,Uzm. Dr.,Ayşe Gül,TEMİZKAN KIRKAYAK,İç Hastalıkları,Nefroloji,,,,0000-0002-9116-374X,,,,,,,
Ankara,Uzm. Dr.,Şiyar,ERDOĞMUŞ,İç Hastalıkları,Nefroloji,,,,0000-0003-3787-6754,,55669589000,,,,,
Ankara,Uzm. Dr.,Zeynep,KENDİ ÇELEBİ,İç Hastalıkları,Nefroloji,,,,0000-0003-3279-9796,,55920736900,56410921700,,,,
Ankara,Prof. Dr.,Ahmet Eftal,YÜCEL,İç Hastalıkları,Romatoloji,B9E1F251726A5DF7,F-8858-2011,,0000-0002-4860-9072,,35961325100,7005217057,,,,ahmet-eftal-yucel
Ankara,Doç. Dr.,Berivan,BİTİK,İç Hastalıkları,Romatoloji,72BF99EF577362D2,,,0000-0001-5803-915X,,26030224500,,,,,
Adana,Öğr. Gör. Dr.,Müge,AYDIN TUFAN,İç Hastalıkları,Romatoloji,C31E1A2F35CDF4A9,,,0000-0002-2686-9762,,56239793900,57202464634,,,,
İstanbul,Öğr. Gör. Dr.,Derya,KAŞKARİ,İç Hastalıkları,Romatoloji,635522A8ADE7C2B3,,,0000-0002-0125-8746,,55628780900,,,,,
Ankara,Uzm. Dr.,Günay,ŞAHİN DALGIÇ,İç Hastalıkları,Romatoloji,,,,0000-0001-5704-8628,,,,,,,
Konya,Uzm. Dr.,Mehmet Alper,KARAMAN,İç Hastalıkları,Romatoloji,,,,,,,,,,,
Ankara,Prof. Dr.,Özden,ALTUNDAĞ,İç Hastalıkları,Tıbbi Onkoloji,5D4FADB9FADED7BE,W-9219-2019,,0000-0003-0197-6622,,6603767389,,,,,ozden-altundag
Adana,Prof. Dr.,Fatih,KÖSE,İç Hastalıkları,Tıbbi Onkoloji,3224BAF457FF7C05,G-4827-2016,,0000-0002-0156-5973,,12800660000,,,,,fatih-kose
Adana,Prof. Dr.,Özgür,ÖZYILKAN,İç Hastalıkları,Tıbbi Onkoloji,34622BBC06A66D37,,,0000-0001-8825-4918,,57210774952,,,,,ozgur-ozyılkan
Ankara,Prof. Dr.,Zafer,AKÇALI,İç Hastalıkları,Tıbbi Onkoloji,E5DB2CD6D3E2AC62,U-7339-2017,,0000-0003-2473-4431,,6603165502,,,,,
Adana,Doç. Dr.,Ahmet,SEZER,İç Hastalıkları,Tıbbi Onkoloji,694A608FCE0EA20F,O-1262-2015,,0000-0002-6445-1439,,26039488700,,,,,ahmet-sezer
Adana,Doç. Dr.,Ahmet Taner,SÜMBÜL,İç Hastalıkları,Tıbbi Onkoloji,7E1C59535805F19F,D-4793-2014,,0000-0002-5573-906X,,35338009100,37262070300,,,,ahmet-taner-sumbul
Ankara,Doç. Dr.,Arzu,OĞUZ,İç Hastalıkları,Tıbbi Onkoloji,F2B04F80DBBCD1EC,W-8004-2019,,0000-0001-6512-6534,,55675531600,,,,,arzu-oguz
Adana,Doç. Dr.,Hüseyin,MERTSOYLU,İç Hastalıkları,Tıbbi Onkoloji,8464609DB27393F7,M-9530-2014,,0000-0002-1932-9784,,26039305600,,,,,huseyin-mertsoylu
Adana,Dr. Öğr. Üyesi Dr.(Doç.),Ali Ayberk,BEŞEN,İç Hastalıkları,Tıbbi Onkoloji,52CECC529241A9CC,,,0000-0002-7862-0192,,56366288700,,,,,ali-ayberk-besen
İstanbul,Dr. Öğr. Üyesi Dr.(Doç.),Nadire,KÜÇÜKÖZTAŞ,İç Hastalıkları,Tıbbi Onkoloji,A76C6C12510BBB74,,,0000-0001-5588-0306,,36773255000,,,,,
Ankara,Dr. Öğr. Üyesi Dr.,Samed,RAHATLI,İç Hastalıkları,Tıbbi Onkoloji,921DC812950B11BF,,,0000-0003-3163-7429,,55649302300,,,,,
Konya,Uzm. Dr.,Tunç,GÜLER,İç Hastalıkları,Tıbbi Onkoloji,,,,,,22957453600,,,,,
Ankara,Prof. Dr.,Aylin,YILDIRIR,Kardiyoloji,,43A7169C3A6ED5DE,A-4947-2018,,0000-0001-8750-5287,,55899555900,7003860270,,,,aylin-yıldırır
Konya,Prof. Dr.,Aytekin,GÜVEN,Kardiyoloji,,EE082036B1B9A9A1,,,0000-0003-1541-7434,,7006151752,,,,,aytekin-guven
Adana,Prof. Dr.,Hatice Göknur,TEKİN,Kardiyoloji,,6422A2C140CF9022,,,,,8543741700,57189057435,,,,
Ankara,Prof. Dr.,Serpil,EROĞLU,Kardiyoloji,,6CE5A35CFA40F23C,,,0000-0003-3055-7953,,56231501700,7003449323,,,,serpil-eroglu
Adana,Prof. Dr.,Şenol,DEMİRCAN,Kardiyoloji,,F293C91873CF4C22,,,0000-0002-2841-1878,,6602851636,,,,,
Adana,Prof. Dr.,Fatma,YİĞİT,Kardiyoloji,,C54DF5BD3A66842D,,,,,22939471800,,,,,fatma-yigit
Ankara,Prof. Dr.,Mehmet Bülent,ÖZİN,Kardiyoloji,,311134D2424A34FB,,,0000-0003-3821-412X,0000-0002-6864-0093,6701872987,8390512200,57195083998,,,
İstanbul,Prof. Dr.,Hakan,ALTAY,Kardiyoloji,,B9AEF1D06318FE81,,,0000-0002-8506-7583,,23984357400,,,,,hakan-altay
İstanbul,Prof. Dr.,Ömer,KOZAN,Kardiyoloji,,41057793F509430B,,,0000-0002-7908-4029,,6603015711,,,,,
İstanbul,Prof. Dr.,Seçkin,PEHLİVANOĞLU,Kardiyoloji,,E2AE45EA1311912E,,,0000-0002-0529-324X,,6602207833,57189355718,,,,
Ankara,Prof. Dr.,Alp,AYDINALP,Kardiyoloji,,CD55B1C763575B0D,,,0000-0002-3761-8782,,6506098888,,,,,
Ankara,Prof. Dr.,Bahar,PİRAT,Kardiyoloji,,4C18F0EC4F8AF7B0,,,0000-0003-4576-8630,,6507714534,,,,,
Ankara,Prof. Dr.,Melek Zekiye,ULUÇAM,Kardiyoloji,,2FE3D9EEE26E999C,,,0000-0002-4107-3500,,6507584682,,,,,melek-zekiye-ulucam
İstanbul,Prof. Dr.,Armağan,ALTUN,Kardiyoloji,,BB95B5125BD0D66A,,,0000-0002-3233-8263,,7005722551,,,,,armagan-altun
Ankara,Prof. Dr.,İbrahim Haldun,MÜDERRİSOĞLU,Kardiyoloji,,22F9B4BEA1EB7912,AAG-8233-2020,,0000-0002-9635-6313,,7004312209,,,,,ibrahim-haldun-muderrisoglu
Adana,Prof. Dr.,Abdullah,TEKİN,Kardiyoloji,,06145A1F10321436,,,0000-0002-5658-870X,,8687481100,,,,,
İstanbul,Prof. Dr.,Öykü,GÜLMEZ,Kardiyoloji,,6D3FE83BB9C90735,,,0000-0002-9429-5430,,12791837900,,,,,
Ankara,Prof. Dr.,Leyla Elif,SADE AKDOĞAN,Kardiyoloji,,7C67138CECF4A545,,,0000-0003-3737-8595,,12808884600,57189027319,,,,leyla-elif-sade
Adana,Doç. Dr.,Tansel,EROL,Kardiyoloji,,BFCD5D92ACED60EA,,,0000-0001-9934-0619,,8687481500,,,,,tansel-erol
Ankara,Doç. Dr.,Kaan,OKYAY,Kardiyoloji,,861880FC2FA860B1,,,0000-0001-6134-8826,,9042017800,,,,,
Ankara,Doç. Dr.,Uğur Abbas,BAL,Kardiyoloji,,5A23865E752E864A,,,0000-0002-9446-2518,,36840826500,,,,,ugur-abbas-bal
İzmir,Dr. Öğr. Üyesi Dr.(Doç.),Cihan,ALTIN,Kardiyoloji,,E23DE7A61E273FB8,,,0000-0002-3996-5681,,23979295100,,,,,
Adana,Dr. Öğr. Üyesi Dr.(Doç.),Mustafa,YILMAZ,Kardiyoloji,,E69F33A438F996F2,,,,,55425754300,,,,,mustafa-yilmaz
Ankara,Dr. Öğr. Üyesi Dr.,Emir,KARAÇAĞLAR,Kardiyoloji,,08E20FB29E3291F8,,,0000-0002-2538-1642,,24724787500,,,,,
Ankara,Dr. Öğr. Üyesi Dr.,Kerem Can,YILMAZ,Kardiyoloji,,3488FF06E297F467,,,0000-0003-3320-9508,,55330239900,,,,,
Alanya,Dr. Öğr. Üyesi Dr.,Ali,ÇONER,Kardiyoloji,,2EBF71DA58367136,,,0000-0002-5711-8873,,55624496900,,,,,
Ankara,Dr. Öğr. Üyesi Dr.,Orçun,ÇİFTCİ,Kardiyoloji,,D27932AB94289DCE,,,0000-0001-8926-9142,,57214600857,12808065700,,,,orcun-ciftci
Alanya,Öğr. Gör. Dr.,Sinan,AKINCI,Kardiyoloji,,B3F7E481BC2D119A,,,0000-0001-5250-5404,,24576511000,,,,,
Ankara,Uzm. Dr.,Egemen,TAYFUN,Kardiyoloji,,,,,,,6507389335,,,,,
İzmir,Uzm. Dr.,Necmi,ÖZEN,Kardiyoloji,,,,,,,57191478463,,,,,
Adana,Uzm. Dr.,Sefa,OKAR,Kardiyoloji,,,,,0000-0003-1413-7393,,57193992301,,,,,
İstanbul,Uzm. Dr.,Abdulla,ARSLAN,Kardiyoloji,,,,,0000-0003-2355-3524,,56532332900,,,,,
Ankara,Uzm. Dr.,Suzan,KESKİN,Kardiyoloji,,,,,0000-0003-4853-8398,,57204798184,,,,,
İstanbul,Uzm. Dr.,Umut,KOCABAŞ,Kardiyoloji,,,,,0000-0001-6424-9399,,57211015002,,,,,
Ankara,Uzm. Dr.,Arzu Neslihan,AKGÜN,Kardiyoloji,,,,,0000-0002-1752-4877,,57201280363,57201271042,,,,
Alanya,Uzm. Dr.,Taylan Erdem,ŞAHİN,Kardiyoloji,,,,,,,,,,,,
Alanya,Uzm. Dr.,Ertan,AKBAY,Kardiyoloji,,,,,0000-0002-9146-0621,,55969981500,,,,,
Adana,Uzm. Dr.,Aynur,ACIBUCA,Kardiyoloji,,,,,0000-0002-3444-8845,,56470743000,,,,,
Ankara,Uzm. Dr.,Çaşıt Olgun,ÇELİK,Kardiyoloji,,,,,0000-0002-7190-5443,,57211574655,,,,,
Ankara,Arş. Gör. Dr.,Umut,ALTAŞ,Kardiyoloji,,51D1BE42317B9573,,,,,,,,,,
Ankara,Arş. Gör. Dr.,İzzet,MERCANOV,Kardiyoloji,,,,,,,,,,,,
Ankara,Arş. Gör. Dr.,Güldeniz,UZAR,Kardiyoloji,,E79C980D9C70D2C9,,,,,,,,,,
Adana,Prof. Dr.,Vahide Deniz,YERDELEN,Nöroloji,,68225BF3B3806FD9,,,0000-0001-6799-5100,,6503996379,,,,,vahide-deniz-yerdelen
Ankara,Prof. Dr.,Ülkü Sibel,BENLİ,Nöroloji,,91B96003DCC3DF12,,,,,6507921308,,,,,ulku-sibel-benli
Adana,Prof. Dr.,Başak,KARAKURUM GÖKSEL,Nöroloji,,BDB6CDDE3C56E2DB,,,0000-0003-2766-2277,,36135661100,,,,,basak-karakurum-goksel
Ankara,Prof. Dr.,Ufuk,CAN,Nöroloji,,D036421948B7E2D0,,,,,6603618003,,,,,ufuk-can
Ankara,Prof. Dr.,Münire,KILINÇ TOPRAK,Nöroloji,,AD5C89F63859D6E6,,,0000-0001-7979-0276,,55196454800,7005502384,57203206083,25621942800,,
Ankara,Prof. Dr.,Turgut,ZİLELİ,Nöroloji,,2D09AAD60916A360,,,,,7003765944,36828897700,57188785516,57188785515,,
Ankara,Doç. Dr.,Eda,DERLE ÇİFTÇİ,Nöroloji,,FBA5256F0D02B7A9,,,0000-0003-2122-1016,,25029977200,57203209382,,,,eda-derle-ciftci
Alanya,Dr. Öğr. Üyesi Dr.(Doç.),Aynur,YILMAZ AVCI,Nöroloji,,36B5D4F490A3B8AA,,,0000-0001-9004-9382,,57193520550,,,,,
Ankara,Dr. Öğr. Üyesi Dr.(Doç.),Ruhsen,ÖCAL,Nöroloji,,6F3FFEEC0B987682,,,0000-0002-2440-2421,,36802434600,,,,,ruhsen-ocal
İzmir,Dr. Öğr. Üyesi Dr.(Doç.),Bedile İrem,TİFTİKCİOĞLU,Nöroloji,,D2BE2AC7E7EBDD60,,,0000-0002-4573-3844,,11839839600,,,,,
İstanbul,Öğr. Gör. Dr.,Meliha,GÜLERYÜZ,Nöroloji,,1CD42767D486E198,,,,,6602668134,,,,,
Ankara,Öğr. Gör. Dr.,Seda,KİBAROĞLU,Nöroloji,,9DEC7B1CBEEA525A,,,0000-0002-3964-268X,,56006062400,,,,,
Adana,Öğr. Gör. Dr.,Anıl,TANBUROĞLU,Nöroloji,,EF634D543DF62909,,,0000-0001-9627-3502,,57204663480,,,,,
İstanbul,Öğr. Gör. Dr.,Özlem,ARAAL ARPAT,Nöroloji,,520A3ACCB0606396,,,,,12243504400,55180666800,,,,
Alanya,Uzm. Dr.,Oktay,AKALIN,Nöroloji,,,,,,,6602287209,57204823029,,,,
Ankara,Uzm. Dr.,Berna,ALKAN,Nöroloji,,,,,,,,,,,,
Adana,Uzm. Dr.,Bireylül,DEMİR,Nöroloji,,,,,,,,,,,,
İzmir,Uzm. Dr.,Behiye,MUNGAN,Nöroloji,,,,,,,6506140298,,,,,
Konya,Uzm. Dr.,Tomris,UĞUR,Nöroloji,,,,,,,,,,,,
Adana,Uzm. Dr.,Ahmet Onur,KESKİN,Nöroloji,,,,,,,57205618587,,,,,
Ankara,Uzm. Dr.,İlkin,İYİGÜNDOĞDU,Nöroloji,,,,,,,57196299235,,,,,
Ankara,Arş. Gör. Dr.,Güven,GİRGİN,Nöroloji,,,,,,,,,,,,
Adana,Prof. Dr.,Ali Fuat,YAPAR,Nükleer Tıp,,44EDE56359CC4527,,,0000-0003-1715-4180,,56169081200,6507372939,,,,ali-fuat-yapar
Adana,Prof. Dr.,Mehmet,REYHAN,Nükleer Tıp,,A0C942CA8BBC5575,,,0000-0001-8550-3368,,57196028567,,,,,mehmet-reyhan
Ankara,Prof. Dr.,Ayşe,AKTAŞ,Nükleer Tıp,,E00954C906CCDC14,,,0000-0003-0149-2265,,7005590327,,,,,
Ankara,Prof. Dr.,Esra Arzu,GENÇOĞLU,Nükleer Tıp,,DE19D3DE3701EC27,,,0000-0003-4631-1683,,6603377986,12786932500,,,,
İstanbul,Doç. Dr.,Seval,ERHAMAMCI,Nükleer Tıp,,C8795344E8D3D31A,,,0000-0001-5016-4650,,42161189200,,,,,
Adana,Dr. Öğr. Üyesi Dr.(Doç.),Neşe,TORUN,Nükleer Tıp,,61F329A74E9F0EB0,,,0000-0002-5597-676X,,16311347700,,,,,nese-torun
Adana,Öğr. Gör. Dr.(Doç.),Gül Nihal,NURSAL,Nükleer Tıp,,48FC1C096EA25E57,,,0000-0002-5302-4386,,8946546600,,,,,
Adana,Prof. Dr.,Hüseyin Cem,ÖNAL,Radyasyon Onkolojisi,,F5581BF433009559,D-5195-2014,,0000-0002-2742-9021,,23490222600,,,,,huseyin-cem-onal
Adana,Prof. Dr.,Erkan,TOPKAN,Radyasyon Onkolojisi,,E01D7DCBD58E3214,,,0000-0001-8120-7123,,55885460400,,,,,erkan-topkan
Adana,Dr. Öğr. Üyesi Dr.(Doç.),Berna,AKKUŞ YILDIRIM,Radyasyon Onkolojisi,,EEFA4DAA0690F020,,,0000-0001-6661-4185,,36148843700,57039905800,,,,berna-yıldırım
Adana,Dr. Öğr. Üyesi Dr.(Doç.),Ozan Cem,GÜLER,Radyasyon Onkolojisi,,4016DE788639BF7E,,,0000-0001-6908-3412,,55745933100,,,,,
Adana,Dr. Öğr. Üyesi Dr.,Yurday,ÖZDEMİR,Radyasyon Onkolojisi,,5A59B814C96DED00,,,0000-0002-2218-2074,,56861948300,,,,,
Ankara,Uzm. Dr. (Doç.),Çağdaş,YAVAŞ,Radyasyon Onkolojisi,,09FA8A4AA09C5794,,,0000-0003-3940-1541,,33068437300,,,,,
Ankara,Prof. Dr.,Fatih,BOYVAT,Radyoloji,,14981C289406674B,,,0000-0002-0076-9034,,7004925249,,,,,fatih-boyvat
Adana,Prof. Dr.,Ayşin,PURBAGER,Radyoloji,,57D1CF073B9D7362,,,0000-0001-6099-2775,,8836617800,55426965500,,,,aysin-purbager
Ankara,Prof. Dr.,Ahmet Muhteşem,AĞILDERE,Radyoloji,,E3E7D861BC5016B5,AAB-5802-2020,,0000-0002-5850-6560,0000-0003-4223-7017,6603903474,,,,,ahmet-muhtesem-agıldere
Ankara,Prof. Dr.,Fuldem,YILDIRIM DÖNMEZ,Radyoloji,,501B160FBEDD22E5,,,0000-0003-4502-106X,,23011284900,24485666400,26644801900,,,fuldem-yıldırım-donmez
Ankara,Prof. Dr.,Tülin,YILDIRIM,Radyoloji,,B7D3CF0D8F4E8E0A,,,0000-0001-7788-9416,,7005994645,,,,,
İzmir,Prof. Dr.,Hasan,YERLİ,Radyoloji,,2BC9B513B87C9428,,,0000-0003-2463-1758,,8511080900,,,,,
İstanbul,Prof. Dr.,İclal,IŞIKLAR,Radyoloji,,DE00AC12B9134779,,,0000-0002-3498-5325,,6701774131,,,,,
Ankara,Prof. Dr.,Emin Alp,NİRON,Radyoloji,,620869D1B23A88BD,,,,,6602905009,6504692304,,,,
Adana,Prof. Dr.,Elif,KARADELİ,Radyoloji,,88BE7F613315B9BF,,,0000-0002-0352-8818,,23987814000,,,,,elif-karadeli
Adana,Prof. Dr.,Naime,ALTINKAYA,Radyoloji,,0DAAE51D184E1C3F,,,0000-0003-1348-8167,,35224623900,,,,,
İstanbul,Prof. Dr.,Selami,SUMA,Radyoloji,,3A58BFC092ED9D86,,,,,7004164059,,,,,
Ankara,Prof. Dr.,Nihal,USLU,Radyoloji,,0B725B02601AC598,,,0000-0002-8439-8700,,30767833900,,,,,
Ankara,Prof. Dr.,Eşref Umut,ÖZYER,Radyoloji,,717462E3A072B902,,,0000-0002-4300-009X,,9039206300,6507522105,,,,esref-umut-ozyer
Ankara,Prof. Dr.,Mehmet,ÇOŞKUN,Radyoloji,,4B389E390FFED5F1,,,,,57210101069,,,,,mehmet-coskun
Konya,Prof. Dr.,Erkan,YILDIRIM,Radyoloji,,E2D79C178332A4A9,Q-9702-2019,,,,57210709419,57206319344,14520798100,,,
Ankara,Prof. Dr.,Ömer Koray,HEKİMOĞLU,Radyoloji,,7F43E9BD1093E0D8,,,0000-0002-0805-0841,,24921205900,55316501700,,,,omer-koray-hekimoglu
Adana,Prof. Dr.,Özlem,ALKAN,Radyoloji,,BFBA753F7C1F7EAE,,,0000-0001-7526-3460,,24343186800,,,,,özlem-alkan
Adana,Prof. Dr.,Zafer,KOÇ,Radyoloji,,C5005E63B6A82D50,,,0000-0003-0987-1980,,55393260200,,,,,zafer-koc
Adana,Doç. Dr.,Şenay,DEMİR KEKEÇ,Radyoloji,,DC22B65C02D23D8C,,,,,26635037800,,,,,
Adana,Doç. Dr.,Çağatay,ANDİÇ,Radyoloji,,8F2B500A59D1B4A1,,,0000-0001-8581-8685,,23007705100,,,,,cagatay-andıc
Adana,Doç. Dr.,Gürcan,ERBAY,Radyoloji,,0B94B3CF52D5E123,,,0000-0002-1706-8680,,6603167634,,,,,gurcan-erbay
Ankara,Dr. Öğr. Üyesi Dr.(Doç.),Feride,KURAL,Radyoloji,,59599D84BA771018,,,0000-0002-4226-4034,,54781519000,57204518532,,,,feride-kural-rahatli
İzmir,Dr. Öğr. Üyesi Dr.(Doç.),Elçin,AYDIN,Radyoloji,,D601BF85628BFA35,,,0000-0003-0907-3647,,57189518841,,,,,
Ankara,Dr. Öğr. Üyesi Dr.,Hale,TURNAOĞLU,Radyoloji,,1016032F34EE5E5B,,,0000-0002-0781-0036,,57188877872,,,,,hale-turnaoglu
Ankara,Dr. Öğr. Üyesi Dr.,Aslıhan,ONAY ÇOLAK,Radyoloji,,,,,,,56448889200,,,,,
Ankara,Dr. Öğr. Üyesi Dr.,Kemal Murat,HABERAL,Radyoloji,,145E3E3FE4F78923,,,0000-0002-8211-4065,,57196347621,50961143400,,,,kemal-murat-haberal
Ankara,Dr. Öğr. Üyesi Dr.,Ali,HARMAN,Radyoloji,,BCDFD2F80590DE55,,,0000-0002-7386-7110,,14050323500,,,,,
Adana,Dr. Öğr. Üyesi Dr.,Hülya,ÖZDEMİR,Radyoloji,,CF0F426B9BD4D7DD,,,,,,,,,,
Ankara,Dr. Öğr. Üyesi Dr.,Pınar,ÇELTİKÇİ,Radyoloji,,,,,0000-0002-1655-6957,,56416421500,,,,,
İstanbul,Dr. Öğr. Üyesi Dr.,Ali,FIRAT,Radyoloji,,175BDFBE11160157,,,0000-0003-3296-7227,,56275123300,6701308188,,,,
İzmir,Öğr. Gör. Dr.,Esin,GEZMİŞ,Radyoloji,,91B3A7F3E5A26F07,,,0000-0002-1001-6028,,55845853400,,,,,
İstanbul,Uzm. Dr. (Doç.),Hatice,AKAY,Radyoloji,,,,,,,,,,,,
İstanbul,Uzm. Dr.,Kadihan,YALÇIN,Radyoloji,,,,,0000-0001-8488-6934,,56993840600,56444391400,54581895000,,,
Konya,Uzm. Dr.,Ümit Can,ÖZCAN,Radyoloji,,,,,0000-0002-4447-0296,,,,,,,
Adana,Uzm. Dr.,Aylin,GÜNEŞLİ YETİŞGEN,Radyoloji,,,,,0000-0002-8337-6905,,8838602600,55910403700,,,,
Adana,Uzm. Dr.,Çiğdem,YALÇIN,Radyoloji,,,,,,,55908609800,,,,,
Ankara,Uzm. Dr.,Özgür,ÖZEN,Radyoloji,,,,,0000-0001-9676-6390,,55891242700,,,,,
Alanya,Uzm. Dr.,Balnur,BULEKBAYEVA,Radyoloji,,,,,,,,,,,,
İstanbul,Uzm. Dr.,Bilge,ÇAKAR DEMİR,Radyoloji,,,,,0000-0001-6573-8303,,,,,,,
Ankara,Uzm. Dr.,Rahime,SEZER,Radyoloji,,,,,,,,,,,,
Ankara,Uzm. Dr.,Funda,ULU ÖZTÜRK,Radyoloji,,,,,0000-0003-2782-2824,,57193212597,36176677100,,,,
Alanya,Uzm. Dr.,Işılay,IŞIK,Radyoloji,,,,,,,55674036900,57062555700,,,,
İstanbul,Uzm. Dr.,Behlül,İGÜS,Radyoloji,,,,,0000-0003-4874-8141,,57189628260,,,,,
Konya,Uzm. Dr.,Çağrı,KESİM,Radyoloji,,,,,,,57201998548,,,,,
Ankara,Arş. Gör. Dr.,Gökhan,KAHRAMAN,Radyoloji,,1C0E6B87F7C5944B,,,0000-0001-9902-8844,,,,,,,
Ankara,Arş. Gör. Dr.,Altan,GARAYLI,Radyoloji,,,,,,,,,,,,
Ankara,Arş. Gör. Dr.,Oğuzcan,ÜNAL,Radyoloji,,C773AA31ABDEF256,,,,,,,,,,
Ankara,Arş. Gör. Dr.,Merve,ALTINTAŞ,Radyoloji,,1A7D9AE5DC42C3CC,,,0000-0002-2579-8376,,,,,,,
Ankara,Arş. Gör. Dr.,Pelin,KAYA,Radyoloji,,F2D4DD2AFD1DFAAA,,,,,,,,,,
Ankara,Prof. Dr.,Gamze,ÖZÇÜRÜMEZ BİLGİLİ,Ruh Sağlığı ve Hastalıkları,,F1BF0CF13FE1162B,,,0000-0002-3548-5517,,6506624504,57201323060,,,,
İzmir,Prof. Dr.,Afşin,SAĞDUYU,Ruh Sağlığı ve Hastalıkları,,6E3A9515C95227A1,,,,,6602150734,,,,,
Adana,Dr. Öğr. Üyesi Dr.(Doç.),Ebru,ALTINTAŞ,Ruh Sağlığı ve Hastalıkları,,CAAFAE337AE4B07A,,,0000-0003-2735-4805,,56414571900,,,,,ebru-altıntas
Ankara,Dr. Öğr. Üyesi Dr.,Arda,KARAGÖL,Ruh Sağlığı ve Hastalıkları,,D1280CA020399A59,,,0000-0003-4865-0451,,56037625900,,,,,arda-karagol
Konya,Dr. Öğr. Üyesi Dr.,Selen,IŞIK ULUSOY,Ruh Sağlığı ve Hastalıkları,,,,,0000-0003-2550-8989,,57200958446,,,,,
İzmir,Öğr. Gör. Dr.,Aslı,AKIN ASLAN,Ruh Sağlığı ve Hastalıkları,,5057D295EB22A38D,,,,,,,,,,
Ankara,Öğr. Gör. Dr.,Emine Özgün,KARAER KARAPIÇAK,Ruh Sağlığı ve Hastalıkları,,9EAE0660FB88B31F,,,0000-0003-4363-0347,,44061565400,,,,,
Ankara,Öğr. Gör. Dr.,Selvi,KAYIPMAZ,Ruh Sağlığı ve Hastalıkları,,7438ED815704F2B5,,,0000-0002-7984-2440,,57196352860,,,,,
Ankara,Uzm. Dr.,Yasemin,HOŞGÖREN ALICI,Ruh Sağlığı ve Hastalıkları,,,,,0000-0003-3384-8131,,56491354200,57209801362,,,,
Adana,Uzm. Dr.,Münevver,TÜNEL,Ruh Sağlığı ve Hastalıkları,,,,,0000-0001-7140-1803,,36864602600,,,,,
Alanya,Uzm. Dr.,Mehmet,ÇEKİRDEK,Ruh Sağlığı ve Hastalıkları,,,,,,,,,,,,
İstanbul,Uzm. Dr.,Ada,SALAJ,Ruh Sağlığı ve Hastalıkları,,,,,,,35077814500,57213650486,,,,
Ankara,Arş. Gör. Dr.,Gonca,AŞUT,Ruh Sağlığı ve Hastalıkları,,B2491D0E5A928DA1,,,0000-0002-7064-558X,,,,,,,
Ankara,Arş. Gör. Dr.,Esra,EMEKLİ,Ruh Sağlığı ve Hastalıkları,,,,,,,,,,,,
Ankara,Arş. Gör. Dr.,Beren,ÖZEL,Ruh Sağlığı ve Hastalıkları,,37A4FD3547A02716,,,,,,,,,,
Ankara,Arş. Gör. Dr.,Pelin,KUTLUTÜRK,Ruh Sağlığı ve Hastalıkları,,AED2A9C0FE08BA80,,,,,,,,,,
Ankara,Arş. Gör. Dr.,Ceyhun,HACIYEV,Ruh Sağlığı ve Hastalıkları,,818C2D7544AFA9AB,,,,,,,,,,
Ankara,Prof. Dr.,Meral,TUNCER,Tıbbi Farmakoloji,,AAE94876EE81A480,,,0000-0003-3360-5092,,,,,,,
Ankara,Prof. Dr.,Ş. Remzi,ERDEM,Tıbbi Farmakoloji,,340EBCB22CBEC6CF,,,0000-0002-7537-2170,,56428708300,,,,,saban-remzi-erdem
Ankara,Doç. Dr.,Tolga Reşat,AYDOS,Tıbbi Farmakoloji,,0BCCF74F4C98D507,,,0000-0002-1832-9336,,8091625500,,,,,tolga-resat-aydos
Ankara,Dr. Öğr. Üyesi Dr.,Selda,EMRE AYDINGÖZ,Tıbbi Farmakoloji,,,,,0000-0001-7823-7620,,6506739209,7007130333,,,,
Ankara,Arş. Gör. Dr.,Oğuzhan Ekin,EFE,Tıbbi Farmakoloji,,5CE3ECE6F4FEF3EF,,,0000-0002-3243-7843,0000-0003-1531-4240,56313861200,,,,,
Ankara,Arş. Gör.,Karl Michael,LUX,Tıbbi Farmakoloji,,13CA77650BC4D61B,,,,,,,,,,
Ankara,Prof. Dr.,Zerrin,YILMAZ ÇELİK,Tıbbi Genetik,,126ABA466C539CE6,A-1229-2015,,0000-0001-9158-220X,,56087562500,56541764600,,,,zerrin-celik
Ankara,Prof. Dr.,Feride İffet,ŞAHİN,Tıbbi Genetik,,9C3F2FE9E4C05E21,AAC-7232-2020,,0000-0001-7308-9673,,7004923874,36653168100,35802673000,,,
Adana,Doç. Dr.,Özgür,KÜTÜK,Tıbbi Genetik,,7290206C8F3A6B8B,,,0000-0001-9854-7220,,6507681602,,,,,ozgur-kutuk
Ankara,Doç. Dr.,Yunus Kasım,TERZİ,Tıbbi Genetik,,FA03686EB15CECD0,,,0000-0001-5612-9696,,11839698900,,,,,yunus-kasım-terzi
Ankara,Dr. Öğr. Üyesi Dr.(Doç.),Gözde,ÜNSOY,Tıbbi Genetik,,7337576B02B47DDD,G-5351-2016,,0000-0003-4617-0331,,55371461300,,,,,
Ankara,Arş. Gör.,Selin,AKAD,Tıbbi Genetik,,8AFA556565A20C33,,,0000-0002-3808-7004,,57200700771,,,,,
Ankara,Prof. Dr.,İsmail Can,PELİN,Anatomi,,0E9E35A3D1E02DC1,,,0000-0003-0901-8883,,6507917935,6507138170,,,,ismail-can-pelin
Ankara,Prof. Dr.,Ayla,KÜRKÇÜOĞLU,Anatomi,,716BAF37671406FF,,,0000-0003-4350-4172,,24765457600,,,,,ayla-kurkcuoglu
Adana,Dr. Öğr. Üyesi Dr.(Doç.),Esin,ÖZŞAHİN,Anatomi,,5F17FD774CA875FE,,,,,9241755000,,,,,esin-ozsahin
Ankara,Dr. Öğr. Üyesi Dr.,Hale,ÖKTEM,Anatomi,,91E834896126BEA5,,,,,23029036300,,,,,hale-oktem
Ankara,Öğr. Gör. Dr.,Mine,POYRAZ,Anatomi,,26D82F46AA6B8DA4,,,,,6602234999,,,,,
Ankara,Öğr. Gör.,Melike,AKCAALAN,Anatomi,,,,,,,57103585800,,,,,
Ankara,Arş. Gör.,Beril,TEKİN,Anatomi,,,,,,,,,,,,
Ankara,Arş. Gör.,Merve,İZCİ,Anatomi,,D9478D12CFC6A8DF,,,,,,,,,,
Ankara,Arş. Gör.,Arife Gizem,KILIÇ,Anatomi,,B3608E0FB2B96268,,,,,,,,,,
Ankara,Arş. Gör.,Işık Ecem,KILIÇ,Anatomi,,A129096113B33A7C,,,0000-0001-7480-5117,,,,,,,
Ankara,Prof. Dr.,Nizamettin,DALKILIÇ,Biyofizik,,,,,0000-0002-2306-4467,,6603557343,,,,,
Ankara,Prof. Dr.,Erhan,KIZILTAN,Biyofizik,,EC1988EC922F93A3,,,0000-0001-6029-3835,,55768168300,,,,,erhan-kızıltan
Ankara,Prof. Dr.,Ersin,ÖĞÜŞ,Biyoistatistik,,8BB2800F5E6D46C0,,,0000-0002-3912-9384,,6506378048,,,,,ersin-ogus
Ankara,Prof. Dr.,Meriç,YAVUZ ÇOLAK,Biyoistatistik,,E0EB9C2DAC208DFC,,,0000-0002-0294-6874,,6602622195,57205468816,,,,
Ankara,Uzm.,Eylem,GÜL,Biyoistatistik,,,,,,,,,,,,
Ankara,Uzm.,Tuğçe,ŞENÇELİKEL,Biyoistatistik,,,,,0000-0003-0364-0401,,56613410000,,,,,
Ankara,Arş. Gör.,Uğur,TOPRAK,Biyoistatistik,,4C7BCD4347A8E3C3,,,,,57208409497,,,,,
Adana,Prof. Dr.,İlknur,KOZANOĞLU,Fizyoloji,,7471A3BCC12C94E9,,,0000-0002-5268-1210,,14052162600,,,,,ilknur-kozanoglu
Ankara,Prof. Dr.,Nimet Ünay,GÜNDOĞAN,Fizyoloji,,C929AF239A39E8ED,,,,,6701676897,,,,,nimet-unay-gundogan
Ankara,Prof. Dr.,Nazan,DOLU,Fizyoloji,,7A15D2E5C14ADE54,,,0000-0002-3104-7587,,6602544074,,,,,nazan-dolu
Ankara,Öğr. Gör. Dr.,Gülbahar,BÖYÜK,Fizyoloji,,,,,0000-0002-3453-2967,,55524088500,,,,,
Ankara,Uzm. Dr. (Prof. Dr.),Ahmet,ERGÜN,Fizyoloji,,,,,,,56089825400,,,,,
Ankara,Uzm. Dr. (Doç.),Sibel,BAYRAK,Fizyoloji,,,,,,,24821483200,,,,,
Ankara,Uzm. Dr.,Nazli,KARİMİSAKHVİDİ,Fizyoloji,,,,,,,,,,,,
Ankara,Uzm.,Rukiye,ÖLÇÜOĞLU,Fizyoloji,,,,,,,,,,,,
Ankara,Prof. Dr.,Attila,DAĞDEVİREN,Histoloji ve Embriyoloji,,6534C7FD2E76240C,P-2877-2014,,0000-0001-8990-8282,,6603886858,,,,,attila-dagdevıren
Ankara,Öğr. Gör. Dr.,Fatma,HELVACIOĞLU,Histoloji ve Embriyoloji,,8EACD63D345B0F75,,,0000-0002-6026-0045,,24471309500,,,,,fatma-helvacıoglu
Ankara,Öğr. Gör. Dr.,Pınar,AYRAN FİDAN,Histoloji ve Embriyoloji,,4FA7BF6BB7250887,,,0000-0003-3047-0305,,57200368091,57203720005,,,,
Ankara,Öğr. Gör. Dr.,Ayşegül,SÜZER,Histoloji ve Embriyoloji,,CBFAE87083381D6C,,,0000-0002-0899-6258,,57195941973,,,,,
İstanbul,Prof. Dr.,Ali,İNAL,İmmünoloji,,DD35A311DC08E250,,,,,35757662200,57213612996,,,,
Adana,Prof. Dr.,Bilkay,BAŞTÜRK,İmmünoloji,,821656CDA933311C,,,0000-0002-8784-1974,,55910304400,8562898100,,,,
Ankara,Prof. Dr.,Derya,AKAYDIN ALDEMİR,Tıbbi Biyokimya,,CDA7A12E17807D4E,,,,,6506337208,,,,,derya-akaydın-aldemir
Ankara,Prof. Dr.,Saffet Simin,ROTA,Tıbbi Biyokimya,,B041D756FAE95179,,,,,56229310400,7003423002,,,,
Ankara,Prof. Dr.,Emine Suna,TÜRKOĞLU,Tıbbi Biyokimya,,BA1876FFC8DC905C,,,,,6701319933,,,,,
Ankara,Doç. Dr.,Nilüfer,BAYRAKTAR,Tıbbi Biyokimya,,6065134DDCDC44F7,Y-8758-2018,,0000-0002-7886-3688,,24491696500,,,,,nilufer-bayraktar
Konya,Doç. Dr.,Sevsen,KULAKSIZOĞLU,Tıbbi Biyokimya,,032B7453D7A0E8F7,,,0000-0002-7613-2240,,16042564200,,,,,sevsen-kulaksızoglu
Alanya,Dr. Öğr. Üyesi Dr.,Serap,ARIKAN,Tıbbi Biyokimya,,30CD715F6D632EF1,,,0000-0001-5752-3812,,23088416100,,,,,serap-arıkan
Ankara,Dr. Öğr. Üyesi,Huriye Eda,ÖZTURAN ÖZER,Tıbbi Biyokimya,,CC9E759A4B4802B4,,,0000-0001-6543-4043,,55533470600,,,,,
Ankara,Öğr. Gör. Dr.,Deniz İlhan,TOPCU,Tıbbi Biyokimya,,4DEDFFF8F376CB2E,E-3717-2019,,0000-0002-1219-6368,,23670705000,57193819405,,,,
Adana,Öğr. Gör. Dr.,Kerem,METİN,Tıbbi Biyokimya,,4E9050B77C75CC18,,,,,14039597600,57203937733,,,,
İstanbul,Uzm. Dr. (Prof. Dr.),Zeliha Emel,ZENGİN,Tıbbi Biyokimya,,,,,,,24067992500,,,,,
İzmir,Uzm. Dr. (Prof. Dr.),Necla,NİŞLİ,Tıbbi Biyokimya,,,,,,,,,,,,
Adana,Uzm. Dr.,Birsel,ÜNAL,Tıbbi Biyokimya,,,,,,,36141373400,,,,,
Alanya,Uzm. Dr.,Nalan,AKALIN,Tıbbi Biyokimya,,,,,,,23088021400,57197722023,,,,
Ankara,Prof. Dr.,Erkan,YURTCU,Tıbbi Biyoloji,,14B4466468736F82,,,0000-0003-4930-8164,,9846265100,,,,,erkan-yurtcu
Ankara,Prof. Dr.,Fatma Belgin,ATAÇ,Tıbbi Biyoloji,,9FA956C60A9FD5FC,,,,,35591681600,,,,,fatma-belgin-atac
Ankara,Doç. Dr.,Hasibe,VERDİ,Tıbbi Biyoloji,,1F8586A0F0187FAC,,,0000-0003-0591-009X,,6603167879,,,,,hasibe-verdi
Ankara,Uzm. Dr.,Yaprak,YALÇIN,Tıbbi Biyoloji,,,,,,,56567857400,56181892500,,,,
Ankara,Uzm.,Hatice Pınar,BAYSAN ÇEBİ,Tıbbi Biyoloji,,,,,0000-0002-9141-9987,,,,,,,
Adana,Prof. Dr.,Hikmet Eda,ALIŞKAN,Tıbbi Mikrobiyoloji,,1B51B8C3BC740EA9,,,0000-0001-9060-3195,,22940385300,,,,,hikmet-alıskan
Ankara,Prof. Dr.,Ahmet Celal,BAŞUSTAOĞLU,Tıbbi Mikrobiyoloji,,87C4A1ED056B1BAE,,,0000-0002-2571-0637,,6602585485,,,,,ahmet-celal-basustuoglu
Ankara,Dr. Öğr. Üyesi Dr.,Aylin,ALTAY KOÇAK,Tıbbi Mikrobiyoloji,,A1CD86AED887268B,,,0000-0002-0451-0142,,55606821800,57194690979,,,,
Ankara,Dr. Öğr. Üyesi Dr.,Hasan Cenk,MİRZA,Tıbbi Mikrobiyoloji,,103CF46B91CA9E31,,,0000-0002-8853-3893,,55898721300,,,,,
Ankara,Öğr. Gör. Dr.,Aylin,ÜSKÜDAR GÜÇLÜ,Tıbbi Mikrobiyoloji,,3BE6E8AEE26AC2F3,,,0000-0002-1872-028X,,9241612500,,,,,
Ankara,Uzm. Dr. (Prof. Dr.),Saliha Seyyal,ROTA,Tıbbi Mikrobiyoloji,,,,,0000-0002-2777-7528,,7003422993,,,,,
Adana,Uzm. Dr.,Hatice Hale,GÜMÜŞ,Tıbbi Mikrobiyoloji,,,,,0000-0001-9071-9606,,,,,,,
Ankara,Arş. Gör.,Gizem,İNCE,Tıbbi Mikrobiyoloji,,,,,,,,,,,,
Ankara,Prof. Dr.,Hayati,BİLGİÇ,Tıp Eğitimi,,43F2F3A25ADCA75D,,,0000-0001-5208-3053,,6603487035,57198309981,,,,
Ankara,Doç. Dr.,Selma,ÇETİNKAYA,Tıp Eğitimi,,557D4CBA0BED160C,A-7532-2018,,0000-0003-4231-3980,,15070066300,,,,,
Ankara,Öğr. Gör. Dr.,Fazıl Serdar,GÜREL,Tıp Eğitimi,,AEF0E7F51B53673A,E-2514-2019,,0000-0002-6657-6147,,25630484500,,,,,
Ankara,Dr. Öğr. Üyesi,Rifat Vedat,YILDIRIM,Tıp Tarihi ve Etik,,FDA5AE1A68FF8AA2,,,0000-0001-8982-7239,,55768456900,57211940451,57196710934,,,rifat-vedat-yildirim
Ankara,Öğr. Gör. Dr.,Seyhan,DEMİR KARABULUT,Tıp Tarihi ve Etik,,2A1484512592BE40,,,0000-0001-5473-573X,,,,,,,
Ankara,Uzm. Dr.,Belkıs,BİRDEN,Tıp Tarihi ve Etik,,,,,,,,,,,,
